distancia_km,tipo_envio,ventana_horas,volumen,fragil,frio,saturacion,prioridad
159,1,4,22,0,0,0,1
57,0,4,11,0,0,2,1
1506,0,48,15,1,0,1,0
252,0,4,16,0,0,1,0
511,1,8,6,0,0,1,1
77,0,4,11,0,1,2,1
2407,0,72,14,0,0,1,1
1100,0,24,8,1,0,2,1
202,0,4,28,0,0,2,1
1281,1,24,9,1,0,2,2
12,1,4,16,1,0,1,2
146,0,4,14,0,0,0,0
232,0,4,12,1,0,1,1
1671,0,48,22,0,0,0,0
552,1,8,4,0,0,1,1
2515,0,48,16,0,0,0,0
395,0,8,42,0,1,0,0
429,0,8,24,0,0,0,0
98,0,4,14,0,0,0,0
189,0,4,14,1,1,1,1
156,1,4,10,1,0,2,2
538,0,8,5,0,0,0,0
185,0,4,32,0,0,0,0
121,1,4,15,0,0,1,1
699,1,8,8,0,0,2,1
1664,0,48,24,0,1,0,0
116,0,4,16,0,0,0,0
100,1,4,27,0,0,2,2
375,0,8,26,0,0,1,0
1513,0,48,19,1,0,1,0
153,0,4,31,1,0,0,1
2663,0,72,12,0,0,0,0
136,0,4,36,0,0,0,0
58,0,4,27,0,0,2,1
345,0,8,17,1,0,0,0
205,0,4,31,0,0,1,1
75,0,4,11,1,0,1,1
172,0,4,33,0,0,0,0
705,0,24,35,0,0,1,0
174,0,4,8,0,0,0,0
303,0,4,7,1,0,0,0
1376,1,24,36,0,0,1,1
396,0,8,17,1,0,0,0
121,0,4,26,1,0,1,1
319,1,4,16,0,0,0,1
205,0,4,10,1,0,2,1
218,0,4,9,0,0,2,1
269,0,4,9,0,1,2,1
123,0,4,15,0,1,0,0
542,0,8,16,0,0,0,0
998,1,24,23,0,0,0,1
383,1,4,17,0,0,1,1
160,0,4,12,1,0,1,1
78,0,4,14,0,1,2,1
313,0,8,21,1,0,0,0
284,1,4,31,0,0,0,1
1117,1,24,13,1,0,0,1
84,1,4,36,0,0,0,1
622,0,8,40,1,0,0,0
403,1,4,32,0,0,0,1
258,1,4,32,0,0,2,2
251,0,4,36,1,0,2,2
237,0,4,39,0,0,1,1
3083,0,72,10,1,0,2,2
192,0,4,26,0,0,2,1
1286,0,48,5,0,0,0,0
418,0,8,45,0,1,0,0
51,0,4,18,0,0,0,0
534,0,8,24,0,0,1,0
190,0,4,30,0,0,0,0
244,0,4,9,0,0,0,0
547,0,8,40,0,1,0,0
373,1,4,26,0,1,0,2
254,1,4,15,0,0,2,2
234,0,4,11,0,0,0,0
85,1,4,22,1,0,1,2
320,0,8,18,0,0,1,0
586,0,24,23,0,0,1,0
1256,1,24,1,1,0,1,1
293,0,4,45,0,0,0,0
1604,0,48,12,0,0,1,0
513,1,8,2,0,0,0,0
188,0,4,15,0,0,1,0
93,1,4,14,1,0,0,1
138,0,4,36,1,0,1,1
440,0,8,15,0,0,1,0
288,0,4,38,0,0,0,0
87,1,4,45,1,0,0,2
157,0,4,29,1,0,0,1
3453,0,72,40,1,0,0,1
112,0,4,11,1,0,2,1
782,0,24,17,0,0,1,0
317,0,4,9,0,0,0,0
1442,0,48,43,0,0,0,0
932,0,24,42,1,1,2,2
1533,0,48,16,1,1,2,1
494,0,8,17,0,0,0,0
80,1,4,16,0,0,2,2
219,0,4,13,0,0,0,0
271,0,4,11,1,0,1,1
232,0,4,15,0,0,1,0
385,1,4,4,0,0,0,1
128,0,4,9,1,0,1,1
134,0,4,12,0,0,0,0
58,0,4,21,1,0,2,2
663,1,8,19,0,0,0,0
3409,0,72,7,0,0,0,0
353,0,8,16,1,0,1,0
130,0,4,30,1,0,1,1
1025,1,24,22,1,0,1,2
1672,1,48,23,0,0,2,2
134,0,4,10,0,1,1,1
264,0,4,34,0,0,1,1
168,0,4,18,1,0,1,1
1475,1,24,7,1,0,0,1
1517,0,48,9,0,0,0,0
953,1,8,8,1,0,2,2
1226,0,24,26,1,1,0,1
51,0,4,25,0,0,2,1
164,1,4,32,1,0,0,2
36,0,4,40,0,0,0,0
410,0,8,23,0,1,0,0
25,0,4,29,0,0,0,0
80,0,4,10,1,1,1,1
113,0,4,18,0,0,1,0
322,0,4,13,0,1,1,1
414,0,8,25,0,0,0,0
2565,0,48,19,0,1,0,1
1095,1,24,24,0,0,2,2
1335,1,24,41,0,0,0,1
218,0,4,16,1,0,0,0
3108,0,72,6,0,0,1,1
120,0,4,6,1,0,0,0
744,0,24,20,0,1,1,0
672,0,24,7,0,0,0,0
256,0,4,17,0,0,2,1
61,0,4,30,0,0,1,1
1464,0,48,30,0,1,2,1
3349,1,48,9,0,0,1,2
3187,1,48,16,0,1,0,2
757,0,24,3,0,0,2,0
113,0,4,17,1,0,0,0
103,1,4,14,1,0,2,2
151,0,4,16,0,1,2,1
518,0,8,8,1,0,0,0
1388,0,24,10,0,0,0,0
197,0,4,30,0,0,0,0
353,0,8,9,0,0,2,0
529,1,8,16,0,1,0,1
1834,0,48,27,0,0,1,0
416,1,8,32,0,0,0,1
141,0,4,18,0,0,1,0
147,0,4,12,0,1,0,0
404,1,4,12,0,1,2,2
278,0,4,17,0,0,1,0
1467,1,24,7,1,0,0,1
123,0,4,21,1,0,0,1
552,0,8,14,1,0,0,0
1333,0,48,34,1,0,2,1
611,0,8,35,0,0,0,0
132,0,4,15,0,0,0,0
388,0,8,18,0,1,1,0
493,1,8,13,1,0,1,1
400,0,8,42,0,0,2,1
12,0,4,8,0,0,0,0
51,0,4,12,0,0,0,0
659,1,8,45,0,0,2,2
489,0,8,26,0,0,0,0
134,0,4,10,0,1,1,1
664,0,24,34,0,0,1,0
215,0,4,8,1,1,1,1
3290,0,72,19,0,0,0,0
300,0,4,40,0,0,1,1
459,0,8,11,0,0,1,0
673,0,24,33,0,1,1,0
219,0,4,20,0,0,2,1
120,0,4,27,0,0,1,1
113,0,4,9,0,1,0,0
482,1,8,6,0,0,0,0
260,0,4,5,0,0,0,0
277,0,4,4,0,0,1,0
262,1,4,13,0,0,0,1
1433,0,48,23,0,0,1,0
363,1,4,3,1,0,1,2
1133,0,24,21,1,1,2,2
287,0,8,8,0,0,2,0
211,0,4,11,0,0,2,1
183,0,4,37,1,0,0,1
630,1,8,16,1,0,0,1
449,0,8,23,0,0,1,0
1214,0,24,24,0,1,0,0
3802,1,48,29,0,1,0,2
48,1,4,14,1,0,0,1
104,0,4,8,1,0,0,0
1862,0,48,27,0,0,0,0
151,0,4,15,0,0,2,1
40,0,4,10,0,0,0,0
511,0,8,2,1,0,0,0
616,0,8,26,0,0,1,0
432,0,8,8,0,0,0,0
178,1,4,13,0,0,1,1
197,0,4,9,1,0,2,1
2858,1,48,31,1,1,0,2
299,1,4,6,1,0,1,2
185,0,4,13,0,0,0,0
141,0,4,34,0,0,0,0
1389,0,48,37,0,0,0,0
538,0,8,14,1,1,0,0
129,0,4,16,1,0,0,0
353,1,4,17,0,0,1,1
5,0,4,18,0,1,2,1
295,0,8,16,0,0,1,0
320,0,8,12,0,0,0,0
1160,0,24,31,1,1,2,2
1434,0,24,12,1,0,0,0
322,0,4,13,0,0,2,1
424,0,8,17,1,0,1,0
216,1,4,10,0,0,2,2
1251,1,24,44,0,0,0,1
158,0,4,9,1,0,0,0
93,0,4,37,0,0,0,0
377,1,4,5,0,0,0,1
1341,0,48,10,0,1,2,1
72,0,4,25,1,0,0,1
1731,0,48,7,0,0,0,0
114,0,4,7,0,0,2,1
1376,1,24,18,0,0,0,1
155,0,4,33,0,0,0,0
1665,0,48,30,0,0,2,1
32,1,4,14,0,0,2,2
108,0,4,25,0,1,0,1
107,0,4,9,0,0,0,0
520,0,8,7,0,0,0,0
259,0,4,38,0,0,1,1
1092,1,24,13,0,0,1,1
1714,0,48,23,1,0,0,0
398,0,8,26,0,0,0,0
3723,0,72,4,0,0,1,1
3092,0,72,22,0,0,0,1
250,0,4,12,0,1,0,0
1023,0,24,24,0,0,0,0
1547,1,24,46,0,1,0,1
511,0,8,13,1,0,0,0
443,0,8,7,0,0,1,0
339,0,8,34,1,0,2,1
84,1,4,2,0,0,2,2
67,0,4,30,1,0,2,2
2261,0,48,9,1,0,0,1
281,0,4,10,0,0,0,0
144,1,4,15,0,1,0,1
472,1,4,19,0,0,0,1
3611,0,72,4,0,0,0,0
623,0,8,23,1,0,0,0
565,0,8,31,0,0,2,1
2997,1,48,26,1,0,1,2
138,0,4,26,0,1,1,1
198,0,4,8,0,1,0,0
304,1,4,14,1,0,0,1
3051,1,72,32,1,0,1,2
309,1,4,35,0,0,1,2
297,0,8,34,0,1,0,0
606,0,8,17,0,0,1,0
252,0,4,24,0,0,0,0
108,0,4,14,0,0,0,0
1329,0,48,24,1,0,2,1
84,1,4,26,0,0,2,2
124,1,4,18,0,0,1,1
550,0,8,10,0,0,0,0
174,1,4,13,0,0,0,1
182,0,4,12,1,0,2,1
352,0,8,10,1,0,1,0
80,0,4,11,1,1,2,2
175,1,4,18,0,1,1,2
251,0,4,7,0,1,0,0
195,0,4,34,0,0,2,1
819,1,24,10,1,0,0,1
87,0,4,35,1,0,0,1
43,0,4,13,1,1,2,2
2158,0,48,25,0,1,0,1
103,0,4,41,1,0,2,2
1101,1,24,16,0,0,0,1
426,1,4,29,0,0,1,2
166,1,4,38,0,0,0,1
84,0,4,17,0,0,1,0
150,0,4,5,0,0,2,1
94,0,4,16,0,0,0,0
1285,1,24,42,1,0,2,2
1254,1,24,43,0,0,0,1
4124,1,72,10,1,1,0,2
322,1,4,28,0,1,0,2
275,0,4,40,1,0,0,1
153,0,4,20,0,0,0,0
1476,0,48,44,0,0,2,1
1116,0,24,40,0,0,1,0
994,0,24,18,0,0,0,0
202,0,4,7,1,0,0,0
667,1,8,9,0,0,0,0
458,0,8,17,0,0,0,0
513,0,8,19,0,1,2,1
1565,0,48,27,0,0,1,0
207,0,4,7,0,0,0,0
180,0,4,17,0,0,0,0
215,0,4,28,0,0,1,1
438,0,8,22,0,0,2,1
357,0,4,23,0,0,2,1
3237,1,48,24,1,1,0,2
2929,1,48,16,1,1,1,2
2943,0,72,8,0,0,0,0
1873,0,48,32,0,0,2,1
1201,1,24,33,0,0,0,1
134,0,4,27,0,0,1,1
91,1,4,7,0,0,1,1
1892,1,48,12,1,1,2,2
3308,1,72,34,0,0,2,2
328,1,4,11,0,1,2,2
698,0,24,8,0,0,0,0
595,1,8,11,1,0,0,1
3154,0,72,16,0,1,1,1
1087,0,24,31,0,0,1,0
358,0,8,4,0,0,0,0
125,1,4,12,0,0,0,1
380,1,4,18,0,0,1,1
117,0,4,16,0,0,0,0
82,0,4,12,0,0,0,0
387,0,8,26,0,0,0,0
202,1,4,9,0,0,1,1
365,1,4,4,0,0,0,1
358,0,8,6,1,0,0,0
413,0,8,26,0,0,0,0
1152,1,24,29,0,0,1,1
151,0,4,28,0,0,1,1
164,0,4,27,1,0,1,1
125,1,4,22,0,0,0,1
1513,0,48,34,0,0,1,0
281,1,4,4,1,0,1,2
125,0,4,29,0,0,0,0
190,0,4,20,0,0,1,0
132,0,4,12,0,0,0,0
373,1,4,7,1,0,0,1
112,1,4,38,0,0,2,2
374,1,4,30,0,0,0,1
358,0,8,8,1,1,0,0
215,0,4,13,0,1,1,1
326,0,8,36,0,0,2,1
636,1,8,33,0,1,0,1
146,0,4,31,0,0,0,0
161,0,4,10,0,1,0,0
616,1,8,31,0,0,1,1
321,0,4,12,0,0,0,0
1391,1,24,15,1,0,2,2
426,1,8,4,1,0,0,1
370,1,4,33,0,0,0,1
519,1,8,34,0,0,2,2
82,0,4,11,1,0,0,0
314,0,4,37,0,0,2,1
193,0,4,10,0,0,0,0
1741,0,48,40,0,1,1,1
182,1,4,8,0,0,0,1
429,0,8,12,1,0,2,1
193,0,4,9,0,0,0,0
952,0,24,14,1,0,0,0
2639,1,48,6,1,0,1,2
105,1,4,5,0,0,0,1
335,1,4,14,0,1,0,1
1057,1,24,5,1,0,0,1
29,0,4,48,1,0,1,1
649,1,8,21,0,1,2,2
284,0,4,18,1,0,2,1
3916,0,72,15,0,0,0,0
3051,0,72,30,1,0,2,2
424,0,8,38,0,0,2,1
2923,0,72,15,0,0,0,0
470,0,8,16,1,0,0,0
527,0,8,13,0,0,0,0
157,0,4,32,1,0,1,1
194,0,4,11,0,0,1,0
110,0,4,17,0,0,0,0
47,0,4,8,1,0,1,1
204,1,4,16,0,1,0,1
1776,0,48,20,0,0,0,0
676,0,24,24,0,0,0,0
1225,1,24,39,0,0,2,2
1294,1,24,25,0,0,0,1
167,0,4,8,1,0,2,1
185,0,4,3,0,0,0,0
607,0,8,19,0,0,1,0
199,1,4,12,0,0,1,1
434,0,8,8,0,0,1,0
333,0,8,16,0,1,0,0
145,0,4,35,1,0,2,2
1300,0,48,29,1,1,0,1
532,1,8,14,0,1,1,1
1015,0,24,38,0,1,1,1
379,0,8,15,0,0,0,0
382,1,8,10,0,0,0,0
366,1,4,6,1,0,2,2
552,0,8,20,0,0,1,0
3863,0,72,30,1,0,0,1
286,1,4,11,0,0,0,1
1235,0,48,5,0,0,1,0
554,1,8,17,0,0,2,1
163,0,4,23,0,1,0,1
445,0,8,26,0,0,0,0
238,1,4,19,0,0,0,1
156,0,4,14,0,0,0,0
410,0,8,12,1,1,0,0
3112,0,72,20,0,0,2,1
2611,1,48,9,0,0,0,1
622,1,8,13,0,1,0,1
275,1,4,21,0,1,1,2
3896,0,72,15,1,1,1,1
3148,0,72,19,0,0,1,1
498,0,8,36,0,0,0,0
466,0,8,38,0,0,0,0
455,0,8,37,0,0,0,0
2821,0,72,6,0,0,2,1
353,0,8,47,1,0,2,1
546,1,8,9,0,0,0,0
189,0,4,23,0,0,1,1
459,0,8,41,1,0,1,0
303,1,4,15,0,0,1,1
1142,0,24,27,0,1,1,1
64,1,4,17,1,0,1,2
337,0,4,25,0,0,1,1
3003,0,72,35,0,0,0,1
202,0,4,20,0,0,1,0
3956,0,72,25,0,0,0,1
104,0,4,11,1,0,0,0
525,0,8,8,1,0,1,0
199,0,4,16,1,0,1,1
683,0,24,26,0,0,1,0
967,0,24,24,0,0,2,1
323,0,8,37,1,0,2,1
284,0,4,15,0,0,2,1
654,1,8,36,1,0,1,1
1669,1,24,34,1,0,1,2
420,1,8,12,1,1,1,1
262,0,4,34,0,0,0,0
190,0,4,12,0,0,1,0
105,0,4,27,0,0,0,0
166,0,4,26,1,0,0,1
369,0,8,12,0,0,2,0
458,0,8,42,0,0,0,0
385,1,4,33,0,0,1,2
233,1,4,27,0,1,0,2
334,0,8,30,0,0,1,0
444,0,8,18,0,1,0,0
371,0,8,10,0,0,0,0
986,0,24,29,1,0,0,0
560,1,8,8,0,0,0,0
209,0,4,49,0,0,0,0
241,0,4,16,0,0,2,1
124,0,4,15,0,0,0,0
423,1,8,19,0,0,0,0
129,0,4,4,0,0,0,0
238,0,4,4,1,0,2,1
143,1,4,25,0,0,2,2
186,0,4,20,0,0,0,0
207,1,4,18,1,0,0,1
209,0,4,43,0,0,0,0
1397,0,48,17,1,0,1,0
1234,1,24,16,0,0,0,1
1349,0,48,14,0,0,0,0
1502,1,24,25,0,0,1,1
444,0,8,29,0,1,1,0
334,1,4,26,0,0,1,2
230,1,4,17,0,0,1,1
425,0,8,37,1,0,0,0
280,1,4,16,0,0,0,1
126,1,4,19,1,0,2,2
108,0,4,29,0,0,0,0
3058,0,72,17,1,0,1,1
503,0,8,10,0,1,1,0
142,0,4,17,0,0,1,0
3725,0,72,1,0,0,1,1
1316,0,48,8,0,0,1,0
414,1,4,4,0,1,2,2
320,1,4,35,1,0,1,2
135,0,4,21,1,0,1,1
142,0,4,11,1,0,2,1
1478,1,24,26,0,0,0,1
548,0,8,19,0,1,2,1
403,0,8,29,0,1,1,0
309,0,8,17,0,0,2,0
318,1,4,27,1,0,1,2
83,1,4,13,0,0,2,2
203,0,4,21,1,1,1,1
458,0,8,8,0,1,0,0
460,1,8,13,1,0,1,1
2981,0,72,27,1,0,1,1
554,0,8,29,0,0,0,0
393,1,4,17,0,1,2,2
1324,0,24,34,1,0,0,0
420,0,8,9,0,1,0,0
412,1,4,2,1,0,0,1
3179,1,72,8,1,0,2,2
219,0,4,13,0,0,2,1
449,0,8,13,0,0,1,0
1173,0,48,33,1,1,1,1
307,1,4,8,1,0,0,1
159,0,4,18,0,1,1,1
112,0,4,29,0,0,0,0
383,0,8,40,1,0,1,0
1169,1,24,19,0,0,1,1
3516,1,48,13,1,0,0,2
397,1,4,7,0,1,0,1
225,0,4,34,0,0,1,1
48,0,4,13,0,0,1,0
3303,1,48,18,1,0,1,2
83,0,4,30,0,1,2,2
454,0,8,7,0,0,0,0
356,0,8,9,1,0,1,0
285,1,4,3,0,0,1,1
1252,0,24,30,0,1,0,0
1466,1,24,27,0,0,2,2
3524,0,72,40,0,0,1,1
2822,0,48,17,1,0,0,1
1231,0,24,16,1,0,1,0
402,0,8,11,0,0,0,0
217,0,4,5,0,0,0,0
433,0,8,39,1,0,0,0
580,0,24,27,1,0,1,0
245,0,4,38,1,0,1,1
112,0,4,20,0,0,0,0
41,0,4,26,0,0,0,0
276,0,4,15,0,0,2,1
258,1,4,17,0,0,1,1
247,0,4,29,0,0,1,1
160,1,4,13,1,1,1,2
602,0,8,42,0,0,2,1
370,0,8,14,0,0,0,0
236,0,4,5,1,0,0,0
105,1,4,17,0,0,0,1
370,0,8,4,0,0,2,0
124,0,4,2,1,0,0,0
1496,0,48,10,0,0,0,0
2749,0,48,32,0,0,0,1
427,0,8,23,0,0,1,0
1366,0,24,24,1,0,0,0
102,1,4,20,1,0,0,1
322,0,8,25,0,1,1,0
251,0,4,17,0,0,0,0
202,0,4,23,1,1,1,1
267,0,4,31,0,0,2,1
492,0,8,11,0,0,0,0
278,0,4,9,1,0,0,0
353,0,4,2,0,0,0,0
125,0,4,34,0,1,0,1
336,1,4,18,0,0,0,1
227,0,4,30,0,0,0,0
162,0,4,28,0,0,1,1
96,0,4,27,0,0,2,1
16,0,4,30,1,0,2,2
3233,0,72,12,0,0,0,0
229,1,4,19,0,1,2,2
262,0,4,8,1,0,2,1
607,0,8,45,0,0,2,1
1075,1,24,2,0,0,2,2
311,0,8,13,0,0,2,0
213,1,4,17,0,0,1,1
242,0,4,13,0,0,0,0
450,1,8,7,0,0,1,1
596,1,8,37,0,0,0,1
3831,0,72,36,0,0,0,1
228,1,4,18,1,0,0,1
450,0,8,14,1,1,0,0
442,1,8,12,0,1,0,1
1466,0,48,32,0,0,0,0
1028,1,24,29,0,0,0,1
369,0,8,14,1,0,1,0
76,0,4,37,0,0,1,1
1258,1,24,19,0,0,0,1
464,0,8,12,1,0,0,0
3025,0,72,5,1,1,1,1
47,0,4,12,1,0,1,1
2956,0,48,5,1,0,0,1
79,0,4,24,0,0,0,0
491,0,8,16,0,0,1,0
1666,0,48,22,1,0,1,1
61,0,4,18,0,0,1,0
231,0,4,13,0,0,0,0
2562,0,48,35,1,0,2,2
236,1,4,14,0,0,0,1
88,1,4,21,0,1,2,2
2461,0,72,12,1,0,0,1
216,0,4,19,0,0,0,0
2736,0,48,29,1,1,1,2
2791,0,72,34,0,0,0,1
477,0,8,38,0,0,0,0
1130,0,48,20,0,0,2,1
231,0,4,21,1,0,2,2
146,1,4,30,0,0,0,1
225,0,4,14,0,0,0,0
286,1,4,18,0,0,0,1
1215,0,24,7,0,1,0,0
3766,0,72,38,0,0,0,1
68,1,4,6,0,0,1,1
206,0,4,41,1,0,2,2
786,0,24,16,0,0,0,0
1397,1,24,13,0,0,1,1
704,0,24,10,0,0,0,0
487,0,8,17,1,0,0,0
80,1,4,13,0,0,0,1
196,1,4,19,0,0,0,1
499,0,8,7,0,0,0,0
49,0,4,26,0,0,0,0
211,0,4,10,0,0,2,1
510,0,8,30,1,1,0,0
338,0,8,21,0,0,2,1
171,0,4,22,0,0,0,0
976,0,24,11,1,0,0,0
146,1,4,11,0,1,2,2
167,0,4,16,0,0,2,1
31,0,4,33,0,0,0,0
416,0,8,11,0,1,0,0
1204,0,48,36,0,0,1,0
2554,1,48,22,0,0,2,2
373,1,4,42,0,1,0,2
1318,0,24,15,1,0,0,0
325,0,8,7,0,0,0,0
209,0,4,34,0,0,0,0
40,0,4,12,1,0,0,0
257,0,4,12,1,1,0,1
141,0,4,25,1,0,1,1
2784,0,48,41,0,0,1,1
288,1,4,42,0,0,0,1
1383,0,48,43,0,0,0,0
1095,0,24,7,0,0,1,0
34,0,4,15,1,0,0,0
157,0,4,15,1,1,0,1
433,0,8,8,0,0,0,0
105,0,4,17,0,0,0,0
770,1,8,19,1,0,2,2
1542,0,48,13,1,1,2,1
150,0,4,16,0,0,0,0
119,1,4,19,0,0,1,1
316,0,8,31,1,0,0,0
1938,0,48,11,0,0,2,1
616,0,8,17,1,0,1,0
213,1,4,31,0,0,1,2
1350,0,48,12,0,0,0,0
258,1,4,15,0,0,0,1
673,1,8,36,0,0,0,1
3949,0,72,8,0,0,2,1
1551,0,48,13,1,0,2,1
123,0,4,12,0,0,1,0
409,0,8,11,0,0,0,0
1591,1,24,23,0,0,0,1
451,1,8,46,0,0,1,1
1301,0,24,17,0,0,1,0
292,1,4,26,0,0,0,1
347,1,4,5,1,1,1,2
691,1,8,4,1,0,1,1
2867,0,72,15,0,0,0,0
151,0,4,8,0,0,1,0
237,1,4,12,0,0,1,1
489,0,8,10,0,0,2,0
148,0,4,30,0,0,2,1
1447,0,24,32,0,0,2,1
250,1,4,26,0,0,0,1
530,0,8,29,0,1,1,0
504,1,8,31,0,0,0,1
407,0,8,10,1,0,0,0
197,1,4,21,0,0,2,2
123,0,4,31,1,0,2,2
217,0,4,22,0,0,2,1
165,1,4,5,1,0,1,2
107,0,4,26,1,1,2,2
112,0,4,20,1,0,0,0
3458,0,72,9,0,0,0,0
485,0,8,21,0,0,1,0
513,1,8,36,0,0,1,1
3085,0,72,28,1,1,1,2
646,0,24,23,0,0,0,0
435,1,8,13,1,0,0,1
1449,1,24,12,0,0,1,1
378,0,8,7,0,0,0,0
9,0,4,20,1,0,2,1
81,1,4,11,0,0,2,2
633,1,8,24,0,1,1,1
93,0,4,41,0,0,2,1
3812,1,72,4,0,0,1,2
163,0,4,22,1,0,2,2
1453,0,48,31,1,0,1,1
676,0,24,6,0,0,1,0
362,1,4,38,0,0,1,2
533,1,8,9,1,0,0,1
567,0,8,13,0,0,1,0
2755,0,72,37,0,0,0,1
258,1,4,21,0,1,0,2
1078,0,24,7,0,1,0,0
421,0,8,8,0,0,0,0
144,0,4,3,1,0,0,0
1157,0,24,4,0,0,0,0
214,0,4,20,0,0,1,0
597,1,8,46,0,0,0,1
194,1,4,13,0,1,0,1
144,0,4,7,0,0,2,1
1284,1,24,14,0,0,0,1
502,0,8,2,0,1,0,0
245,0,4,39,0,0,1,1
481,0,8,37,1,1,0,0
2443,0,48,30,0,0,0,1
78,0,4,20,1,0,2,1
459,0,8,14,0,0,0,0
1071,0,24,10,0,0,1,0
685,1,8,32,0,0,0,1
214,1,4,25,1,0,0,2
440,0,8,12,0,0,0,0
701,0,24,27,0,0,1,0
318,0,4,24,1,1,0,1
131,1,4,23,0,0,0,1
271,0,4,38,0,0,0,0
118,0,4,32,0,0,2,1
1326,0,24,20,0,1,0,0
115,0,4,31,0,0,0,0
1785,0,48,5,1,0,1,0
1526,0,48,23,1,0,0,0
3021,0,72,16,1,0,1,1
383,0,8,12,0,0,0,0
90,0,4,33,0,0,0,0
261,0,4,14,0,1,2,1
321,0,4,20,1,0,2,1
277,1,4,18,0,0,0,1
550,1,8,14,0,0,0,0
3009,0,72,10,0,1,0,1
340,1,4,4,0,0,0,1
159,0,4,38,0,0,1,1
205,0,4,20,0,0,0,0
89,1,4,13,1,0,0,1
185,1,4,13,0,0,2,2
429,1,8,32,0,0,1,1
721,0,24,35,0,0,0,0
83,0,4,19,0,0,0,0
350,0,8,21,1,0,1,0
99,1,4,32,1,0,1,2
81,0,4,30,0,0,0,0
1245,0,24,44,0,0,1,0
113,0,4,34,1,0,2,2
79,0,4,20,0,0,2,1
220,0,4,38,1,0,0,1
492,0,8,7,1,0,0,0
399,0,8,31,0,1,0,0
240,0,4,31,0,1,2,2
42,0,4,19,0,0,1,0
1292,0,24,14,0,0,0,0
348,1,4,17,0,0,1,1
394,0,8,6,0,0,1,0
113,0,4,24,1,0,2,2
354,0,8,13,1,0,0,0
3133,0,72,23,0,1,0,1
1701,0,48,30,0,0,0,0
534,0,8,19,0,0,0,0
1321,0,24,13,0,1,0,0
184,0,4,10,0,0,0,0
1404,0,48,16,0,0,2,1
45,0,4,4,1,0,1,1
2893,1,48,31,1,0,0,2
2585,0,48,8,0,0,0,0
100,1,4,18,1,1,0,2
408,0,8,35,0,0,1,0
56,1,4,17,1,1,0,2
533,1,8,18,1,0,0,1
99,1,4,25,0,0,0,1
3512,1,72,8,0,0,2,2
445,1,4,17,0,1,0,1
227,1,4,19,1,0,0,1
3593,0,72,24,0,0,2,2
1522,1,48,24,0,0,2,2
610,0,24,16,0,0,1,0
1448,0,48,20,0,0,1,0
554,1,8,13,1,0,0,1
375,0,8,9,0,0,2,0
660,0,8,29,0,0,0,0
73,0,4,16,0,0,0,0
69,1,4,9,0,0,1,1
66,1,4,31,0,0,0,1
551,1,8,14,1,0,1,1
87,0,4,39,0,0,1,1
81,0,4,11,1,0,1,1
1292,1,24,16,0,0,1,1
1563,1,24,13,1,0,2,2
137,0,4,35,1,0,0,1
1309,1,24,34,1,1,0,2
2537,0,72,10,0,1,2,2
103,0,4,14,0,0,2,1
312,0,4,32,1,0,0,1
1097,0,24,13,0,0,0,0
156,0,4,13,0,1,1,1
377,1,4,13,0,0,2,2
1211,0,48,25,1,0,1,1
505,0,8,22,1,0,0,0
13,0,4,10,0,0,0,0
133,0,4,39,0,0,0,0
594,0,8,8,1,0,0,0
487,0,8,17,0,0,0,0
592,1,8,16,0,0,2,1
194,0,4,29,1,0,0,1
342,0,8,15,1,1,2,1
350,0,8,9,1,0,1,0
3008,0,72,26,1,1,0,1
406,1,4,14,0,0,0,1
150,0,4,18,0,1,0,0
1570,0,48,9,0,0,0,0
251,0,4,16,1,0,0,0
321,0,8,30,0,0,0,0
1317,0,48,13,0,0,1,0
449,0,8,33,1,0,0,0
574,1,8,8,0,0,0,0
85,0,4,23,1,0,2,2
68,0,4,32,1,0,1,1
2750,0,72,11,0,1,0,1
293,1,4,17,0,1,1,2
111,1,4,22,0,0,0,1
490,0,8,12,0,1,2,1
86,0,4,14,0,0,2,1
187,0,4,15,0,0,1,0
254,0,4,14,0,0,1,0
1618,1,24,17,0,0,2,2
289,0,4,14,1,0,0,0
1864,0,48,24,1,0,0,0
1724,0,48,23,0,0,0,0
324,0,8,11,0,0,0,0
349,1,4,18,0,0,0,1
700,0,24,15,0,0,1,0
256,1,4,31,0,0,0,1
260,0,4,9,0,1,0,0
377,1,4,16,0,0,0,1
502,1,8,10,1,1,1,1
743,1,8,38,0,0,0,1
274,1,4,20,0,0,2,2
334,0,8,35,0,0,2,1
304,1,4,31,0,0,0,1
390,1,8,28,1,0,0,1
2824,1,48,17,0,0,0,1
897,0,24,36,1,0,2,1
961,0,24,11,0,0,2,1
2425,0,48,30,1,0,2,2
1486,0,48,36,0,0,0,0
16,0,4,36,0,0,0,0
100,0,4,29,0,0,1,1
249,1,4,6,0,1,0,1
1683,0,48,44,1,0,0,0
114,0,4,11,0,0,2,1
85,0,4,11,0,0,1,0
135,0,4,7,1,0,0,0
89,0,4,19,0,0,2,1
719,0,24,8,0,1,1,0
337,0,4,19,0,0,1,0
199,0,4,29,0,0,2,1
683,0,24,9,0,0,1,0
2848,0,72,25,1,0,0,1
2667,0,72,26,1,0,0,1
113,0,4,28,0,0,0,0
1679,0,48,45,1,0,0,0
110,0,4,8,1,0,0,0
1064,0,24,41,0,0,0,0
235,1,4,22,1,0,2,2
375,0,4,27,0,0,2,1
341,0,4,12,0,1,0,0
1293,0,24,22,0,1,0,0
503,0,8,17,0,0,0,0
1115,0,24,31,1,0,1,1
60,0,4,11,0,0,1,0
113,0,4,13,1,0,1,1
288,0,4,22,0,0,0,0
141,0,4,31,0,0,2,1
219,1,4,8,0,0,1,1
404,0,8,27,0,0,2,1
1379,1,24,17,1,0,0,1
488,0,8,14,0,0,0,0
623,0,8,14,0,0,2,0
333,0,4,49,0,0,0,0
373,0,8,9,1,0,0,0
447,1,4,20,0,0,0,1
3226,0,72,7,1,0,0,1
3141,0,72,30,1,0,2,2
459,1,8,13,1,0,1,1
47,0,4,28,0,0,0,0
1428,1,24,18,0,1,1,1
1200,0,24,14,0,0,1,0
107,1,4,12,1,0,0,1
294,0,4,20,0,0,1,0
488,0,8,24,0,0,2,1
672,0,8,18,0,0,2,0
221,0,4,41,0,0,0,0
2740,0,48,11,0,0,0,0
515,0,8,38,0,0,0,0
370,1,4,22,1,1,0,2
401,0,8,5,0,0,0,0
103,0,4,39,0,0,0,0
273,0,4,32,0,1,1,1
120,1,4,7,0,0,0,1
328,1,4,10,0,0,1,1
340,0,4,21,0,0,1,1
536,0,8,16,0,0,2,0
1541,0,48,38,0,0,0,0
1735,0,48,13,1,0,0,0
329,1,4,17,0,0,0,1
1361,1,24,19,1,0,0,1
109,0,4,30,0,0,0,0
234,1,4,17,0,0,2,2
171,0,4,15,0,0,1,0
515,0,8,15,1,0,0,0
1533,0,48,16,0,0,0,0
1284,1,24,22,0,0,0,1
1495,1,24,14,0,0,0,1
1368,0,24,24,0,0,2,1
499,0,8,24,1,0,1,0
435,0,8,12,0,0,0,0
144,1,4,39,1,0,0,2
282,1,4,14,1,0,1,2
279,0,4,11,1,0,0,0
222,0,4,6,1,0,0,0
159,1,4,27,0,0,2,2
464,0,8,15,0,0,0,0
1175,0,24,9,0,0,1,0
1344,0,24,12,0,0,0,0
494,0,8,22,1,0,1,0
147,1,4,16,0,1,1,2
3229,0,72,28,0,0,0,1
225,1,4,32,1,0,1,2
459,0,8,30,0,0,0,0
1473,0,48,7,0,1,0,0
1481,1,24,33,0,0,1,1
596,0,24,30,1,0,2,1
134,0,4,12,0,0,0,0
251,1,4,6,0,0,2,2
403,1,4,16,1,0,1,2
395,1,4,11,0,1,1,2
93,1,4,13,0,0,2,2
1133,0,24,2,0,0,1,0
165,0,4,3,1,0,0,0
338,0,4,28,0,0,2,1
3001,0,72,6,0,0,0,0
3171,0,72,37,0,0,0,1
322,0,4,43,0,0,0,0
823,0,24,28,1,0,0,0
1388,0,24,11,1,0,0,0
91,0,4,26,0,0,1,1
433,1,4,12,0,0,1,1
1282,1,24,15,0,0,1,1
1596,0,48,12,0,0,0,0
345,0,8,8,0,0,1,0
1507,0,48,41,0,0,0,0
218,0,4,17,1,0,1,1
328,0,8,43,0,0,2,1
1833,0,48,21,1,1,2,2
3461,0,72,16,0,0,2,1
459,1,8,13,0,0,0,0
492,0,8,27,0,0,0,0
1884,1,48,12,1,0,2,2
246,0,4,9,1,0,1,1
526,1,8,7,0,0,0,0
85,0,4,9,0,0,0,0
327,1,4,11,0,0,1,1
899,0,24,8,0,0,0,0
147,1,4,35,0,1,0,2
754,0,24,13,1,1,0,0
1346,0,24,13,0,0,2,1
508,0,8,29,0,0,1,0
316,1,4,6,0,0,0,1
161,0,4,41,1,0,1,1
462,0,8,27,0,0,0,0
177,0,4,16,0,0,0,0
1672,0,48,34,0,0,1,0
132,1,4,9,1,0,0,1
2607,1,48,12,0,0,0,1
269,1,4,18,0,0,1,1
198,0,4,17,1,0,0,0
166,0,4,13,0,0,0,0
615,0,24,10,0,0,2,0
301,1,4,10,1,0,1,2
449,0,8,39,1,0,2,1
429,0,8,30,0,0,1,0
575,0,8,17,0,0,0,0
452,1,8,9,0,0,1,1
226,0,4,27,0,0,1,1
1305,0,24,23,1,0,1,1
399,1,4,14,0,0,1,1
485,1,8,15,0,0,0,0
76,1,4,26,1,0,0,2
317,0,8,23,0,0,0,0
251,0,4,6,0,1,0,0
411,0,8,15,0,0,0,0
1017,0,24,26,0,0,2,1
1449,0,48,9,0,0,1,0
268,0,4,16,1,0,2,1
50,0,4,23,0,0,0,0
361,0,4,38,1,0,2,2
192,0,4,37,0,0,1,1
579,0,8,23,0,1,1,0
3173,0,72,11,0,1,0,1
1052,1,24,35,0,0,0,1
1851,0,48,8,0,1,2,1
1221,0,48,21,0,0,2,1
470,0,8,5,0,0,0,0
1147,0,24,13,1,0,2,1
70,0,4,14,1,0,1,1
449,1,4,21,0,0,0,1
655,1,8,11,1,0,0,1
492,0,8,10,0,0,0,0
41,0,4,15,1,0,1,1
1316,0,48,31,0,0,2,1
360,1,4,5,1,1,0,2
252,0,4,39,1,1,1,1
20,1,4,33,0,0,1,2
348,0,8,7,0,0,1,0
1659,0,48,33,0,0,1,0
629,0,8,22,0,0,2,1
469,0,8,24,0,1,0,0
274,0,4,13,0,0,2,1
464,0,8,42,0,0,1,0
107,0,4,19,1,0,1,1
2769,0,72,31,0,0,1,1
130,0,4,11,0,1,0,0
236,0,4,37,0,0,1,1
222,1,4,34,0,0,1,2
636,0,24,13,0,0,2,0
403,1,8,28,0,0,2,2
534,1,8,4,0,0,2,1
500,0,8,30,1,0,1,0
4015,1,72,42,0,0,2,2
1127,1,24,15,0,0,0,1
124,0,4,22,1,0,0,1
112,1,4,26,0,1,0,2
1415,0,48,26,1,0,2,1
54,0,4,16,1,0,2,1
589,0,24,1,0,0,0,0
513,0,8,19,0,0,0,0
329,0,8,12,0,0,0,0
596,1,8,29,0,0,0,1
91,0,4,35,0,0,0,0
253,0,4,10,0,0,1,0
3333,0,72,24,1,1,0,1
1225,0,24,22,0,1,0,0
1117,0,24,24,1,0,0,0
443,0,8,22,0,0,1,0
1167,0,48,39,1,0,2,1
1617,1,24,28,1,0,0,1
2893,0,72,40,1,0,1,1
354,1,4,12,0,0,0,1
259,0,4,16,1,0,2,1
344,0,4,11,1,1,1,1
1353,0,48,14,0,0,0,0
1405,0,48,11,0,0,1,0
126,0,4,29,0,0,2,1
460,1,8,22,1,0,1,1
1223,0,48,14,0,1,0,0
724,1,8,39,0,1,0,1
310,0,4,33,0,0,0,0
109,0,4,11,0,0,0,0
393,0,8,25,0,0,1,0
312,0,4,14,1,0,1,1
408,0,8,22,1,0,0,0
144,0,4,8,0,0,2,1
227,1,4,13,0,1,0,1
283,0,4,18,0,0,0,0
1034,0,24,14,0,0,0,0
547,0,8,18,1,1,2,1
2739,0,72,29,1,0,2,2
1337,0,24,23,0,0,0,0
168,1,4,18,0,1,0,1
1518,0,48,21,0,1,1,1
1015,0,24,19,1,0,2,1
708,0,24,8,0,1,0,0
261,0,4,9,0,1,1,1
298,1,4,29,0,0,0,1
214,1,4,14,0,0,1,1
131,0,4,13,1,0,0,0
27,1,4,23,0,0,0,1
48,1,4,29,0,0,0,1
3310,0,72,17,1,0,2,2
628,0,8,11,0,1,0,0
4105,0,72,18,1,0,1,1
61,0,4,33,1,0,2,2
1207,0,24,15,0,0,1,0
257,1,4,16,0,0,0,1
297,0,4,10,0,0,1,0
1396,0,48,37,0,1,1,1
1131,0,24,12,0,0,1,0
79,1,4,8,0,0,2,2
128,0,4,19,0,0,2,1
96,0,4,15,0,0,2,1
1198,0,24,36,0,0,1,0
220,1,4,24,0,0,0,1
243,0,4,16,0,1,2,1
539,0,8,15,0,0,0,0
1384,0,48,24,1,0,0,0
277,0,4,34,0,0,0,0
187,1,4,16,0,1,2,2
406,1,4,23,0,0,0,1
159,0,4,18,0,0,2,1
359,0,8,26,1,0,0,0
237,0,4,34,0,0,2,1
259,0,4,37,1,0,1,1
616,0,8,21,0,1,2,1
1121,1,24,24,1,0,1,2
144,0,4,38,1,1,1,1
350,0,8,21,0,0,1,0
338,1,4,10,1,0,2,2
784,0,24,18,0,1,0,0
341,1,4,33,0,0,0,1
1439,0,48,15,0,0,1,0
513,0,8,34,0,0,0,0
3364,0,72,29,0,0,1,1
604,0,8,1,0,0,1,0
2938,1,48,19,1,0,1,2
1204,0,24,31,0,0,2,1
167,1,4,10,0,0,1,1
259,0,4,18,0,0,1,0
207,0,4,29,1,0,1,1
84,1,4,19,0,0,0,1
1747,0,48,12,1,0,0,0
248,1,4,12,1,0,0,1
213,0,4,15,0,0,1,0
1027,1,24,13,0,0,1,1
99,0,4,14,0,1,0,0
625,0,8,39,0,0,1,0
162,0,4,25,0,0,2,1
486,1,8,36,0,0,0,1
2886,0,72,21,1,0,0,1
411,1,4,33,0,0,1,2
468,0,8,25,0,0,2,1
284,0,4,18,1,0,0,0
320,0,8,23,0,0,1,0
192,1,4,18,1,0,1,2
164,0,4,20,0,0,0,0
666,1,8,12,0,0,0,0
368,1,4,29,1,0,0,2
330,0,8,28,0,0,1,0
1370,0,48,17,1,0,1,0
2615,1,48,9,0,0,2,2
181,0,4,10,1,1,0,1
254,0,4,10,1,0,0,0
21,0,4,41,1,0,2,2
82,1,4,4,0,0,1,1
167,0,4,29,0,0,0,0
692,0,24,12,0,0,1,0
464,1,4,8,1,0,0,1
2544,1,48,12,0,1,1,2
445,0,8,26,0,1,0,0
157,0,4,14,0,0,2,1
425,1,8,16,0,0,0,0
223,0,4,38,1,0,0,1
705,0,24,6,1,0,0,0
534,0,8,16,0,1,0,0
133,1,4,9,0,0,0,1
200,0,4,41,1,0,1,1
433,0,8,12,1,0,2,1
499,0,8,20,1,0,1,0
493,1,8,32,0,0,1,1
698,1,8,42,1,0,0,1
194,0,4,29,1,0,2,2
119,1,4,16,0,0,1,1
2683,0,48,37,0,0,1,1
413,0,8,27,0,0,0,0
119,0,4,20,0,0,0,0
283,1,4,22,0,0,2,2
1289,0,48,31,0,1,1,1
556,0,8,17,0,0,2,0
526,0,8,16,0,0,1,0
299,0,8,24,0,0,0,0
170,0,4,27,1,0,0,1
144,0,4,16,0,0,0,0
70,1,4,39,0,0,0,1
496,0,8,28,0,0,0,0
940,1,8,6,1,0,0,1
1129,0,24,21,0,0,0,0
2804,0,48,32,0,0,1,1
647,0,8,5,0,0,2,0
611,0,8,19,0,0,1,0
322,0,4,6,0,0,1,0
56,0,4,30,0,0,0,0
66,0,4,8,1,0,0,0
367,0,8,11,1,0,1,0
365,0,8,8,0,0,0,0
510,1,8,11,1,1,0,1
3056,0,72,22,0,0,1,1
3914,0,72,27,1,0,0,1
2807,0,72,37,0,0,0,1
78,0,4,15,0,1,1,1
3221,1,48,6,0,0,0,1
669,0,24,26,0,0,1,0
82,0,4,26,0,0,0,0
361,0,8,19,1,0,0,0
101,1,4,18,0,0,1,1
237,0,4,40,1,0,0,1
330,0,4,22,0,0,1,1
1308,0,24,11,0,1,0,0
568,0,8,34,0,1,0,0
302,1,4,15,0,0,0,1
107,0,4,14,0,0,0,0
942,1,24,22,0,0,0,1
105,1,4,38,0,0,0,1
168,1,4,24,1,1,0,2
3626,1,72,7,1,1,1,2
1046,1,24,29,1,0,1,2
2939,0,48,18,1,0,0,1
459,1,4,26,0,0,0,1
509,1,8,5,0,0,0,0
113,0,4,6,0,0,0,0
162,0,4,3,0,0,0,0
234,0,4,7,1,0,0,0
252,0,4,9,0,0,1,0
451,0,8,7,1,0,0,0
1259,0,24,25,0,0,0,0
490,1,8,18,0,0,1,1
3645,0,72,13,0,0,0,0
1157,0,24,15,1,0,2,1
163,0,4,13,1,0,0,0
1704,0,48,35,0,0,0,0
135,0,4,24,0,0,1,1
1321,0,48,39,0,0,0,0
2599,0,72,22,0,0,0,1
1414,0,48,16,0,1,0,0
320,1,4,7,1,0,0,1
411,0,8,14,0,0,2,0
218,0,4,32,0,0,2,1
3302,0,72,13,0,0,1,1
1386,1,24,15,0,0,2,2
3347,0,72,13,1,1,1,1
1133,0,24,9,0,0,0,0
437,0,8,20,1,0,2,1
184,1,4,17,1,0,2,2
582,0,8,6,0,0,1,0
128,0,4,26,0,0,2,1
1202,1,24,22,0,0,2,2
1424,1,24,4,0,0,2,2
386,0,8,26,0,0,0,0
114,0,4,38,0,0,2,1
2683,0,48,39,0,0,1,1
573,1,8,16,0,1,2,2
588,1,8,11,0,0,1,1
441,1,8,41,0,0,0,1
413,0,8,10,0,1,1,0
256,0,4,19,1,0,0,0
161,0,4,11,0,0,2,1
238,0,4,27,1,0,1,1
2556,1,48,9,1,0,0,2
1367,0,48,24,0,0,1,0
1134,0,24,5,0,0,2,1
386,0,8,9,0,0,1,0
972,0,24,22,0,0,1,0
3935,1,72,34,0,0,0,2
205,1,4,19,1,0,2,2
167,0,4,37,1,0,0,1
128,1,4,20,0,1,2,2
327,0,4,28,1,0,0,1
278,0,4,23,1,0,0,1
940,1,24,17,1,0,2,2
1064,0,24,13,0,0,1,0
1012,0,24,16,0,1,0,0
657,1,8,14,0,0,1,1
174,0,4,35,1,1,0,1
714,0,24,24,0,0,1,0
177,0,4,10,1,0,2,1
1132,1,24,25,0,0,1,1
403,0,8,11,0,1,2,1
1790,0,48,9,0,0,0,0
485,1,8,22,0,0,0,1
896,0,24,41,0,0,1,0
207,1,4,28,0,0,0,1
1486,0,48,15,0,0,1,0
1148,0,24,38,1,0,1,1
171,0,4,16,0,0,1,0
1168,0,24,7,0,0,2,1
243,0,4,10,1,0,2,1
432,0,8,8,0,0,0,0
440,1,4,12,0,1,1,2
426,0,8,11,1,0,0,0
438,0,8,22,0,0,0,0
2973,0,72,13,0,0,0,0
134,0,4,12,1,0,0,0
47,0,4,10,0,0,2,1
185,0,4,24,0,0,1,1
1387,1,24,4,0,0,1,1
522,0,8,16,1,0,0,0
628,0,24,2,0,1,0,0
538,0,8,31,0,1,0,0
1553,0,48,10,0,0,2,1
1202,1,24,34,0,0,1,1
1396,1,24,8,0,0,2,2
307,1,4,12,1,0,0,1
299,0,4,19,1,0,1,1
1855,0,48,26,0,1,0,0
407,1,8,16,0,0,2,1
327,1,4,17,0,0,0,1
245,1,4,16,0,0,0,1
2972,0,72,27,0,1,0,1
172,0,4,18,0,0,1,0
1186,0,24,16,0,0,0,0
314,1,4,28,1,0,1,2
342,0,8,42,0,0,1,0
90,0,4,21,0,0,0,0
349,0,4,32,0,0,1,1
492,1,8,28,0,0,0,1
1621,0,48,12,1,0,1,0
502,1,8,24,0,0,1,1
317,0,8,7,0,0,1,0
194,1,4,17,1,0,1,2
321,1,4,28,0,1,0,2
197,0,4,35,0,0,0,0
251,0,4,9,0,0,1,0
591,0,8,6,0,1,0,0
87,0,4,15,0,0,0,0
381,0,8,32,1,0,0,0
224,1,4,35,1,0,0,2
458,1,4,15,1,0,1,2
164,0,4,43,0,0,2,1
2972,1,48,9,0,0,1,2
89,0,4,13,1,1,0,1
1040,0,24,47,1,0,1,1
123,0,4,7,0,0,0,0
77,0,4,29,0,0,1,1
162,0,4,8,0,0,0,0
538,0,8,27,0,0,0,0
524,1,8,31,0,0,0,1
370,0,8,26,1,0,0,0
272,0,4,37,0,0,1,1
163,1,4,23,0,0,1,2
517,0,8,9,1,0,1,0
72,0,4,16,1,0,0,0
294,0,4,11,1,0,0,0
215,0,4,35,1,0,0,1
892,0,24,32,0,0,0,0
2734,0,72,17,0,0,1,1
1403,0,48,40,0,0,2,1
129,0,4,4,0,0,2,1
335,0,8,19,0,0,0,0
594,0,8,42,0,1,0,0
1332,1,24,15,0,0,1,1
631,0,8,23,1,0,0,0
209,0,4,15,0,0,0,0
1187,1,24,28,0,0,1,1
442,0,8,4,1,0,0,0
372,0,8,3,0,1,1,0
378,1,4,4,1,0,1,2
325,1,4,17,0,0,1,1
388,0,8,19,0,0,0,0
2510,0,48,9,0,0,2,1
32,0,4,25,0,1,1,1
284,0,4,23,0,0,2,1
1458,1,24,31,1,0,1,2
572,1,8,23,1,0,0,1
1412,1,24,5,0,0,2,2
153,0,4,10,0,0,1,0
295,1,4,24,1,0,2,2
487,0,8,16,1,0,0,0
95,0,4,23,0,0,2,1
192,0,4,12,0,0,2,1
390,0,8,13,1,0,1,0
1225,0,24,18,0,0,0,0
4179,1,72,20,1,1,1,2
1271,1,24,33,0,0,0,1
265,0,4,15,0,0,2,1
385,0,8,12,1,1,2,1
3313,1,72,11,0,0,2,2
2748,1,48,10,0,1,1,2
596,0,8,9,0,0,2,0
1444,0,48,12,1,1,0,0
417,1,8,27,0,0,0,1
411,0,8,11,1,0,0,0
518,0,8,26,0,1,2,1
408,0,8,19,0,0,1,0
2932,1,48,26,0,0,1,2
3374,1,48,16,0,0,0,1
61,0,4,6,1,0,0,0
941,0,24,27,0,0,2,1
332,0,4,35,1,0,0,1
286,1,4,40,1,0,1,2
227,0,4,29,0,1,0,1
608,0,24,28,0,1,0,0
3973,0,72,24,0,1,1,1
120,0,4,30,0,0,0,0
3241,0,72,11,0,0,0,0
584,0,8,5,0,0,2,0
337,1,4,37,1,0,2,2
256,0,4,33,0,1,0,1
468,1,4,11,1,0,1,2
606,1,8,24,0,0,1,1
1136,0,24,30,0,1,2,1
1526,0,48,17,0,0,0,0
64,0,4,22,0,0,1,1
84,0,4,26,1,0,0,1
325,0,8,32,0,0,1,0
67,0,4,7,0,0,1,0
94,1,4,12,1,0,1,2
1247,0,24,38,1,0,0,0
317,0,8,10,0,0,0,0
3354,0,72,10,0,0,1,1
545,1,8,15,0,0,1,1
210,0,4,6,0,0,1,0
246,0,4,18,0,0,0,0
536,0,8,13,0,0,0,0
1294,0,24,37,0,0,1,0
78,0,4,4,0,0,0,0
72,1,4,33,0,0,2,2
396,0,8,27,1,0,1,0
147,0,4,18,1,0,1,1
350,0,8,8,0,0,0,0
171,0,4,15,0,0,0,0
1024,0,24,25,0,0,0,0
189,0,4,39,0,0,1,1
28,0,4,16,0,0,0,0
2276,0,48,22,1,0,1,1
881,0,24,18,0,0,1,0
223,0,4,26,0,0,1,1
2559,0,72,5,1,1,2,2
642,1,8,22,0,0,1,1
208,1,4,14,1,1,0,2
415,0,8,11,0,0,1,0
333,0,8,9,0,0,1,0
901,0,24,15,0,1,2,1
68,0,4,4,0,0,1,0
268,1,4,33,0,0,0,1
125,0,4,32,0,0,1,1
1625,1,24,18,0,0,0,1
180,1,4,29,0,1,0,2
323,0,8,22,0,0,2,1
545,1,8,6,1,0,0,1
2541,0,48,4,0,0,0,0
1072,1,24,9,0,0,2,2
333,0,8,4,0,0,0,0
66,0,4,10,0,0,0,0
100,1,4,31,0,0,0,1
3540,0,72,26,0,0,2,2
567,0,8,8,1,0,0,0
148,0,4,14,0,0,1,0
101,0,4,9,1,0,0,0
1321,0,48,7,0,0,0,0
187,0,4,20,0,0,0,0
209,1,4,11,0,0,0,1
561,0,8,35,0,0,1,0
1536,0,48,15,0,0,1,0
333,0,4,10,0,0,1,0
199,0,4,24,0,0,0,0
226,1,4,11,0,0,0,1
617,1,8,11,0,0,2,1
307,0,4,12,1,0,0,0
294,1,4,5,0,0,0,1
316,1,4,31,0,1,1,2
188,0,4,11,1,0,0,0
120,1,4,33,1,0,2,2
351,0,8,11,0,1,0,0
3231,0,72,18,0,0,0,0
1539,1,24,5,0,0,2,2
221,0,4,21,0,0,0,0
249,0,4,7,1,0,0,0
1071,1,24,41,0,0,2,2
346,0,8,19,0,0,1,0
266,0,4,20,1,0,1,1
106,1,4,4,0,0,0,1
321,0,8,28,1,0,0,0
428,0,8,14,0,0,2,0
89,0,4,25,0,0,0,0
242,1,4,3,0,0,1,1
2008,0,48,22,0,0,1,1
3125,0,72,40,1,0,1,1
434,0,8,21,1,0,0,0
247,0,4,25,1,0,0,1
349,1,4,28,0,0,1,2
635,0,24,6,0,0,0,0
2576,0,72,35,1,0,0,1
212,0,4,33,0,0,0,0
1455,1,24,18,0,0,0,1
394,0,8,14,1,1,0,0
213,0,4,13,1,0,0,0
345,0,4,7,1,0,0,0
48,1,4,13,1,0,0,1
3357,0,72,30,0,0,0,1
162,0,4,18,0,0,2,1
109,0,4,25,0,0,1,1
3487,0,72,19,0,0,0,0
603,0,8,39,0,0,0,0
170,0,4,7,0,0,0,0
125,0,4,24,1,0,0,1
1000,0,24,24,0,0,2,1
75,0,4,38,0,0,2,1
322,0,8,13,0,0,1,0
182,0,4,36,1,0,1,1
409,0,8,1,0,0,1,0
53,0,4,7,0,0,0,0
253,0,4,11,0,0,2,1
1684,0,48,12,0,0,2,1
3705,1,72,40,1,1,0,2
601,0,8,6,1,1,1,0
1067,0,24,13,1,0,2,1
361,1,4,14,0,0,0,1
26,0,4,27,0,0,0,0
1727,1,48,27,0,0,1,1
1149,0,24,19,0,0,1,0
1820,0,48,31,0,0,1,0
2737,0,48,11,1,0,0,1
316,0,4,11,0,0,0,0
593,1,8,33,1,1,2,2
66,0,4,19,1,0,0,0
485,1,8,9,0,0,0,0
1582,0,48,13,1,0,0,0
422,0,8,22,1,1,0,0
72,0,4,21,0,0,0,0
3072,1,72,27,1,0,0,2
144,0,4,16,0,1,2,1
160,1,4,5,0,0,1,1
1276,0,48,20,0,0,2,1
332,1,4,38,1,0,0,2
1170,0,48,19,0,0,1,0
162,1,4,7,0,0,1,1
1224,0,24,12,0,0,1,0
3103,0,72,16,1,0,0,1
1864,1,48,35,0,0,2,2
2755,0,48,26,0,0,2,2
293,0,4,31,0,0,0,0
343,0,8,38,0,0,1,0
2810,0,72,23,0,1,2,2
106,0,4,31,1,0,0,1
919,1,8,10,0,0,0,1
1103,1,24,27,0,0,0,1
155,1,4,38,0,0,0,1
233,1,4,12,1,0,0,1
441,0,8,42,0,0,0,0
107,0,4,28,0,1,1,1
119,0,4,11,0,0,0,0
496,1,8,26,0,0,0,1
2855,0,72,30,1,0,1,1
196,0,4,33,1,0,0,1
321,0,4,24,1,0,2,2
1379,1,24,9,1,0,1,1
153,1,4,36,0,0,0,1
57,0,4,32,1,0,0,1
2936,0,72,8,0,0,0,0
504,0,8,42,0,0,1,0
528,0,8,13,1,0,2,1
96,0,4,13,0,0,1,0
1112,0,24,38,0,0,1,0
433,1,4,12,0,0,0,1
429,1,4,5,1,0,1,2
373,0,8,13,0,1,0,0
3126,0,72,18,0,0,1,1
351,0,8,12,0,1,0,0
425,1,8,29,0,0,1,1
96,0,4,34,1,0,0,1
1187,0,48,11,1,0,0,0
524,0,8,22,0,0,0,0
1176,0,24,31,1,0,0,0
229,0,4,30,0,0,2,1
3686,0,72,19,0,0,0,0
296,0,4,11,0,0,0,0
365,0,4,38,0,0,0,0
631,1,8,6,0,0,0,0
516,1,8,33,0,0,2,2
1900,0,48,17,0,0,1,0
708,1,8,26,1,0,2,2
298,0,4,38,0,1,0,1
1655,1,24,31,0,1,1,2
1256,0,24,11,0,0,1,0
113,1,4,40,0,0,1,2
71,1,4,5,0,0,2,2
285,1,4,31,0,0,0,1
1488,1,24,22,0,0,0,1
667,0,24,20,1,1,0,0
345,0,8,18,0,1,1,0
262,0,4,26,0,0,0,0
674,0,8,41,1,0,0,0
81,1,4,4,0,0,2,2
80,1,4,2,0,0,0,1
3469,0,72,14,0,0,1,1
93,0,4,11,1,0,2,1
293,0,4,32,0,0,1,1
1028,0,24,35,0,0,2,1
28,1,4,22,0,0,0,1
628,0,8,19,0,0,2,0
233,0,4,14,0,0,1,0
344,0,8,17,1,0,2,1
171,1,4,20,1,0,2,2
1150,0,24,42,0,1,0,0
560,0,8,8,0,0,1,0
93,0,4,32,0,0,0,0
1772,0,48,27,0,0,2,1
1872,0,48,14,1,0,2,1
238,0,4,10,1,1,0,1
509,1,8,39,1,0,2,2
7,1,4,15,0,0,1,1
634,0,8,9,0,0,0,0
137,0,4,7,0,0,2,1
1068,0,24,9,0,0,0,0
265,1,4,8,0,0,0,1
3879,1,72,24,0,0,0,2
472,0,8,17,1,0,0,0
292,1,4,31,0,0,0,1
1384,1,24,39,0,0,1,1
579,1,8,24,0,1,0,1
541,1,8,7,1,0,2,2
172,0,4,36,0,0,1,1
166,0,4,10,0,0,0,0
3484,0,72,12,0,0,1,1
1190,1,24,20,1,1,2,2
502,0,8,19,1,1,0,0
597,1,8,37,0,0,0,1
1472,1,24,10,0,0,0,1
235,0,4,9,0,0,2,1
98,0,4,38,0,0,0,0
186,0,4,11,0,0,2,1
2982,0,72,33,0,0,2,2
320,0,4,21,0,0,0,0
1245,0,24,18,1,0,0,0
1029,1,24,12,0,1,2,2
146,0,4,26,1,1,2,2
731,1,8,13,0,0,0,0
1492,0,48,35,0,1,0,0
957,0,24,36,1,0,1,1
82,1,4,44,0,0,1,2
558,0,8,26,0,0,1,0
1226,0,24,33,0,0,1,0
3102,0,72,25,1,0,1,1
710,1,8,17,1,0,1,1
445,0,8,11,0,1,2,1
165,0,4,18,0,1,1,1
156,0,4,11,0,0,0,0
3460,0,72,14,0,0,2,1
122,0,4,20,1,1,1,1
103,1,4,31,0,0,2,2
1893,0,48,34,0,0,1,0
1177,0,24,22,0,0,0,0
344,1,4,30,1,0,0,2
167,1,4,10,1,0,1,2
256,0,4,15,0,0,0,0
1344,1,24,18,0,0,2,2
398,1,4,25,0,0,0,1
96,1,4,10,0,0,0,1
656,0,24,14,1,0,0,0
194,0,4,13,0,0,1,0
1018,0,24,19,0,0,2,1
1496,1,24,44,1,1,1,2
571,0,8,39,0,0,0,0
1126,1,24,19,1,0,0,1
3412,0,72,24,1,0,1,1
332,0,4,22,1,0,1,1
322,0,4,20,1,1,0,1
281,0,4,21,1,1,0,1
30,0,4,9,1,0,1,1
3444,0,72,10,1,0,1,1
358,0,8,22,0,1,1,0
11,0,4,11,0,0,0,0
157,0,4,18,0,0,1,0
228,0,4,15,0,0,0,0
85,0,4,21,0,0,1,1
454,0,8,8,1,0,2,1
105,0,4,22,0,1,2,2
1648,0,48,32,0,0,0,0
197,1,4,4,1,0,0,1
1014,0,24,44,0,0,0,0
3022,0,72,9,0,0,1,1
1366,0,24,16,0,0,1,0
448,0,8,3,1,0,2,1
1633,0,48,16,0,1,0,0
228,0,4,19,0,0,1,0
3572,0,72,15,0,0,1,1
125,1,4,17,0,0,1,1
1269,0,48,16,0,0,2,1
128,0,4,25,0,0,0,0
529,1,8,13,0,0,0,0
1427,0,48,26,0,0,2,1
128,0,4,19,1,0,1,1
325,0,4,11,0,0,0,0
123,0,4,17,1,0,2,1
194,1,4,12,0,0,2,2
1553,0,48,21,1,0,0,0
128,1,4,22,0,0,1,2
2393,1,48,18,0,0,2,2
125,0,4,36,0,0,1,1
98,1,4,27,1,0,2,2
597,0,8,1,0,0,1,0
641,0,8,20,0,1,1,0
2765,0,72,6,0,0,0,0
496,1,8,14,0,0,0,0
244,1,4,26,0,0,0,1
386,1,4,18,0,1,1,2
374,0,8,27,0,0,1,0
147,0,4,4,1,0,0,0
89,1,4,11,0,0,0,1
711,0,24,7,1,0,0,0
132,1,4,10,1,0,1,2
2638,0,72,11,0,0,0,0
376,0,4,19,0,0,0,0
337,0,8,5,1,0,0,0
502,0,8,10,1,0,1,0
227,0,4,45,0,0,1,1
741,0,24,25,0,0,0,0
314,0,8,18,1,0,0,0
317,1,4,22,1,0,2,2
682,0,8,12,0,1,0,0
627,1,8,17,1,0,0,1
204,0,4,27,0,0,2,1
1348,1,24,42,1,0,2,2
155,0,4,13,0,0,1,0
582,0,8,22,1,1,0,0
96,0,4,16,0,0,2,1
348,1,4,13,1,0,1,2
87,1,4,23,0,0,0,1
299,0,4,22,0,0,1,1
98,1,4,21,0,0,1,2
105,1,4,13,0,0,0,1
41,0,4,20,1,1,0,1
2511,0,48,2,0,0,0,0
514,0,8,38,0,0,0,0
640,1,8,14,1,1,0,1
1002,0,24,11,0,0,1,0
1421,0,24,8,0,0,0,0
1145,0,48,15,0,1,0,0
74,1,4,10,1,0,0,1
366,1,4,27,1,0,2,2
281,1,4,37,0,0,0,1
263,1,4,12,1,0,0,1
2689,0,48,5,1,0,2,2
563,1,8,29,1,0,0,1
1185,0,24,35,0,0,0,0
258,0,4,8,0,0,0,0
641,1,8,19,0,0,2,1
196,0,4,11,0,0,0,0
635,0,24,22,0,0,0,0
283,0,4,15,0,1,1,1
347,0,4,7,1,0,0,0
2835,0,72,22,0,0,1,1
1506,0,48,13,0,0,0,0
590,0,8,22,0,0,0,0
261,1,4,17,1,0,0,1
1380,1,24,23,0,1,0,1
2995,0,72,4,1,0,1,1
169,0,4,13,0,0,0,0
521,0,8,10,0,0,1,0
349,0,4,29,1,1,0,1
2476,0,72,31,0,0,2,2
48,0,4,22,0,0,0,0
212,0,4,15,1,0,1,1
389,1,4,33,0,0,2,2
97,0,4,18,0,0,0,0
317,1,4,32,0,0,0,1
1505,1,24,6,0,0,0,1
2735,0,72,15,0,1,1,1
275,1,4,38,0,0,0,1
278,0,4,24,1,0,0,1
83,0,4,32,1,0,0,1
155,0,4,44,1,0,0,1
261,1,4,2,0,0,0,1
431,1,8,12,0,0,0,0
564,0,8,8,0,1,1,0
4084,0,72,47,0,0,0,1
61,0,4,13,0,0,2,1
163,1,4,9,0,0,0,1
994,1,24,6,0,0,1,1
2930,0,72,4,0,1,0,1
540,1,8,9,0,1,2,2
201,0,4,40,1,0,0,1
229,0,4,30,0,0,0,0
553,0,8,38,0,0,0,0
207,0,4,24,0,0,2,1
136,0,4,19,0,0,0,0
1236,1,24,17,0,1,0,1
307,0,8,22,0,0,2,1
1666,0,48,38,0,0,0,0
1601,1,24,7,0,0,0,1
209,0,4,25,0,0,0,0
263,0,4,34,0,1,0,1
1063,1,24,9,0,0,2,2
255,0,4,10,0,0,0,0
87,0,4,6,1,1,0,1
79,1,4,16,0,0,1,1
262,0,4,26,0,0,1,1
2807,1,48,7,1,0,2,2
190,0,4,21,0,0,2,1
410,0,8,16,1,0,0,0
3409,0,72,8,0,1,0,1
237,0,4,34,1,0,0,1
902,1,8,22,0,0,0,1
158,0,4,6,1,0,2,1
1097,1,24,36,1,0,1,2
171,0,4,9,0,1,0,0
177,0,4,25,0,1,0,1
419,0,8,20,1,0,2,1
564,0,8,35,1,0,1,0
3043,0,72,14,0,1,1,1
472,0,8,17,0,0,2,0
413,0,8,33,0,1,1,0
457,0,8,8,0,0,1,0
1097,0,24,35,0,0,0,0
111,0,4,13,1,0,2,1
453,0,8,36,0,0,0,0
2769,0,72,28,0,0,1,1
255,0,4,47,0,0,1,1
341,0,8,14,0,0,2,0
418,0,8,12,0,0,0,0
3188,0,72,7,1,0,1,1
2611,0,72,13,1,0,1,1
267,0,4,22,1,0,0,1
2758,0,72,9,0,0,1,1
223,1,4,14,0,0,0,1
2733,0,72,17,0,0,0,0
272,0,4,17,0,0,1,0
73,0,4,34,1,0,2,2
418,0,8,20,1,0,0,0
464,0,8,8,1,1,0,0
199,1,4,23,0,1,0,2
121,0,4,19,0,0,0,0
139,0,4,24,0,0,0,0
3992,1,72,18,1,0,2,2
481,0,8,19,1,0,0,0
393,1,4,42,1,0,0,2
1124,0,24,11,1,0,0,0
683,0,24,32,0,0,1,0
2656,1,48,15,0,0,0,1
200,0,4,22,0,1,1,1
444,0,8,22,0,0,0,0
3101,0,72,14,0,0,2,1
175,0,4,30,1,0,0,1
115,1,4,34,0,0,0,1
320,0,4,43,0,0,2,1
224,0,4,48,0,0,0,0
89,1,4,23,0,0,0,1
225,0,4,38,0,0,0,0
1635,0,48,13,0,0,2,1
279,1,4,27,1,1,0,2
227,0,4,11,1,0,1,1
1040,1,24,10,0,0,1,1
1658,0,48,18,0,0,0,0
3190,0,72,13,0,1,0,1
210,0,4,17,0,0,0,0
887,1,8,3,0,1,0,1
4066,0,72,14,0,0,2,1
320,0,8,22,1,0,2,1
1127,1,24,40,0,0,1,1
32,0,4,12,0,0,0,0
121,0,4,11,1,0,2,1
2998,0,72,17,1,0,1,1
191,0,4,12,0,0,0,0
7,0,4,34,0,0,0,0
1006,0,24,28,0,0,0,0
368,0,8,9,0,1,1,0
510,1,8,18,0,0,2,1
1669,0,48,9,1,1,0,0
165,0,4,19,0,0,1,0
213,0,4,9,0,0,1,0
1040,0,24,26,0,1,2,1
77,1,4,23,0,1,0,2
1157,0,24,42,0,0,0,0
2820,0,72,27,0,0,0,1
1362,0,48,11,0,0,0,0
538,1,8,29,1,0,2,2
196,0,4,31,0,0,1,1
1131,0,24,8,0,0,2,1
415,1,4,16,0,1,1,2
643,0,8,6,0,0,0,0
399,0,8,36,0,0,1,0
352,0,4,9,1,1,0,1
100,1,4,12,0,1,0,1
317,0,8,28,1,0,0,0
540,0,8,23,1,0,0,0
194,0,4,8,0,1,2,1
118,0,4,20,1,0,0,0
1204,1,24,38,0,0,0,1
277,1,4,47,0,0,0,1
446,0,8,26,1,0,1,0
382,0,8,13,0,1,0,0
239,1,4,19,0,0,1,1
1569,0,48,38,0,0,1,0
327,1,4,22,0,1,0,2
158,0,4,25,0,0,1,1
236,1,4,24,0,0,0,1
206,0,4,1,0,0,0,0
75,0,4,9,0,0,0,0
237,0,4,36,1,1,1,1
25,0,4,33,0,0,1,1
1712,0,48,17,1,0,2,1
1373,0,24,7,0,0,0,0
315,0,4,21,0,0,2,1
331,0,4,4,1,0,0,0
159,0,4,9,0,0,0,0
1619,0,48,4,0,0,0,0
1289,1,24,12,0,0,1,1
189,0,4,11,1,0,2,1
567,0,8,15,0,0,0,0
255,0,4,21,0,0,0,0
1197,0,24,12,1,0,0,0
1408,0,48,42,0,0,0,0
2946,0,72,21,1,1,0,1
48,1,4,26,1,0,0,2
1366,0,48,22,0,0,0,0
672,1,8,7,0,0,2,1
660,0,8,32,0,0,1,0
292,0,4,20,0,0,0,0
470,0,8,19,0,0,2,0
2794,0,72,3,0,0,1,1
3014,0,72,17,0,0,0,0
376,0,8,36,0,0,0,0
263,0,4,40,0,0,1,1
124,0,4,29,0,0,1,1
136,1,4,20,1,0,0,1
143,0,4,13,0,0,0,0
581,0,8,10,0,0,2,0
1201,0,24,20,0,0,0,0
1417,1,24,29,0,0,0,1
3142,0,72,25,0,0,0,1
1584,0,48,4,1,0,2,1
550,0,8,31,0,0,1,0
1108,0,24,30,0,0,0,0
162,1,4,5,0,0,0,1
487,0,8,20,1,0,0,0
146,1,4,13,0,0,0,1
202,1,4,10,0,0,0,1
141,0,4,15,1,0,2,1
219,0,4,12,0,0,2,1
249,0,4,30,0,1,1,1
1273,0,48,15,1,0,2,1
656,1,8,19,1,0,1,1
270,0,4,10,1,0,0,0
579,0,8,25,0,0,2,1
18,1,4,40,1,0,2,2
420,1,8,25,1,0,1,1
545,0,8,31,0,0,0,0
505,1,8,34,1,0,0,1
351,0,8,14,0,0,1,0
575,1,8,10,1,0,0,1
3105,1,48,12,0,0,1,2
244,0,4,24,0,0,0,0
356,0,8,28,0,0,2,1
154,0,4,4,0,0,2,1
149,0,4,20,0,0,2,1
72,0,4,24,0,0,0,0
1294,0,24,22,0,0,1,0
3264,1,72,22,1,0,1,2
3366,0,72,9,0,0,2,1
161,1,4,12,0,0,0,1
212,0,4,18,1,0,0,0
1064,1,24,8,0,1,0,1
705,0,24,9,0,0,1,0
2555,1,48,24,0,0,1,2
402,0,8,11,0,1,0,0
240,0,4,13,0,0,0,0
533,1,8,30,0,0,0,1
414,1,4,18,0,0,0,1
463,1,4,8,0,0,1,1
411,0,8,4,0,0,0,0
269,0,4,18,0,1,0,0
403,1,8,32,0,0,1,1
393,0,8,18,0,0,2,0
489,0,8,26,1,1,1,1
3225,0,72,23,0,0,2,2
639,0,8,19,0,0,0,0
545,0,8,31,1,1,0,0
409,0,8,15,0,0,0,0
1766,1,24,29,1,0,2,2
94,0,4,36,0,1,1,1
325,0,8,12,0,0,0,0
315,0,4,29,0,0,0,0
459,1,8,28,0,0,0,1
521,0,8,38,0,1,0,0
2988,0,72,12,0,0,1,1
154,0,4,25,1,0,2,2
588,0,8,4,1,0,1,0
133,0,4,14,0,1,2,1
1241,0,24,25,0,0,1,0
1679,0,48,29,0,0,0,0
173,0,4,13,0,0,2,1
572,0,8,42,0,0,1,0
41,0,4,10,0,0,0,0
462,0,8,23,0,0,1,0
351,0,8,26,0,0,1,0
250,0,4,21,0,0,0,0
1015,1,24,8,1,0,0,1
384,1,4,22,1,0,0,2
1274,0,24,24,0,0,0,0
208,1,4,15,0,0,0,1
3171,0,72,26,0,0,0,1
3006,0,72,29,0,0,2,2
1635,0,48,38,0,0,1,0
268,1,4,8,1,0,0,1
402,0,8,10,0,0,1,0
158,0,4,40,0,0,0,0
384,1,4,15,0,0,2,2
254,0,4,25,0,0,1,1
226,0,4,11,1,0,0,0
479,0,8,17,1,0,1,0
393,0,8,27,1,0,0,0
2813,0,72,31,0,0,2,2
210,1,4,40,0,0,0,1
164,0,4,11,0,0,0,0
115,0,4,7,0,1,0,0
50,0,4,27,0,0,2,1
1438,0,24,8,0,0,1,0
373,1,4,17,0,0,0,1
439,0,8,37,1,0,1,0
465,0,8,8,0,0,1,0
580,1,8,14,0,0,0,0
722,0,24,11,0,0,0,0
446,0,8,16,0,0,0,0
366,1,4,10,0,0,0,1
458,0,8,24,0,0,0,0
1743,1,48,34,0,0,1,1
279,0,4,18,0,0,0,0
3114,0,72,8,0,0,2,1
77,1,4,21,1,0,0,2
405,0,8,21,1,0,0,0
188,1,4,30,0,0,0,1
323,1,4,12,0,0,2,2
137,0,4,32,0,0,1,1
1518,0,48,18,0,0,0,0
437,0,8,14,0,0,0,0
348,0,8,10,1,0,0,0
764,0,24,11,1,0,1,0
78,0,4,12,0,0,2,1
373,1,4,9,0,1,1,2
29,0,4,35,0,0,0,0
363,0,4,6,1,0,1,1
506,0,8,14,0,0,2,0
1456,0,48,10,0,1,0,0
366,0,8,7,0,0,0,0
127,0,4,25,0,0,1,1
287,0,4,29,1,0,2,2
304,1,4,30,0,0,1,2
420,0,8,6,0,1,2,1
272,0,4,10,0,0,2,1
246,1,4,11,0,0,1,1
1417,0,48,7,0,0,0,0
540,0,8,17,1,0,1,0
1291,0,48,28,1,0,0,0
191,0,4,10,1,0,0,0
159,0,4,7,1,0,1,1
59,0,4,33,0,0,2,1
165,1,4,29,1,0,1,2
1665,1,48,21,0,0,1,1
337,1,4,33,0,0,1,2
74,1,4,25,1,0,0,2
402,0,8,2,0,1,0,0
240,0,4,16,1,1,1,1
1464,1,24,13,0,0,0,1
174,0,4,15,0,0,0,0
40,0,4,17,0,0,2,1
680,1,8,17,0,0,0,0
386,0,8,4,1,1,0,0
2459,0,72,28,1,1,0,1
203,0,4,10,1,0,0,0
422,0,8,29,0,0,0,0
219,0,4,8,0,0,0,0
1692,0,48,13,0,0,0,0
710,0,24,13,0,0,1,0
417,0,8,32,1,0,0,0
126,0,4,5,1,0,1,1
1197,0,24,6,0,0,1,0
405,0,8,13,0,0,2,0
2381,0,48,22,0,0,1,1
447,0,8,45,0,0,1,0
314,0,4,20,0,1,0,0
257,0,4,13,0,0,2,1
98,1,4,13,0,0,0,1
267,1,4,32,0,0,0,1
284,0,4,20,0,0,0,0
2680,1,48,10,0,0,0,1
2575,0,48,15,1,0,0,1
509,0,8,13,0,1,2,1
1342,0,48,13,1,1,0,0
527,0,8,33,0,0,0,0
256,0,4,12,0,0,0,0
579,0,8,11,0,0,1,0
132,0,4,32,0,0,0,0
418,1,8,6,0,0,0,0
288,0,4,26,1,0,0,1
559,0,8,19,0,0,0,0
1512,1,24,7,0,0,1,1
211,0,4,28,0,0,0,0
271,0,4,12,0,0,1,0
556,1,8,11,1,0,1,1
103,1,4,6,1,0,1,2
1723,0,48,9,0,0,0,0
385,0,8,18,0,0,0,0
114,0,4,30,0,1,1,1
452,0,8,26,1,0,1,0
3716,1,72,33,0,0,2,2
75,0,4,34,0,0,0,0
288,0,4,5,0,0,2,1
618,0,8,18,0,0,1,0
3775,1,72,28,0,0,1,2
230,0,4,36,0,0,2,1
519,0,8,9,0,1,0,0
491,0,8,24,0,0,0,0
1193,0,24,37,1,0,1,1
203,0,4,9,1,0,0,0
486,0,8,23,1,0,0,0
437,0,8,27,1,0,2,1
2574,0,72,34,0,0,0,1
1440,1,24,9,0,0,1,1
392,0,8,11,0,0,2,0
3670,0,72,40,0,0,1,1
143,0,4,30,0,0,0,0
1314,0,48,23,0,0,1,0
363,0,4,44,0,0,1,1
627,1,8,9,1,0,0,1
166,0,4,9,1,0,2,1
499,1,8,14,0,0,0,0
2745,1,48,22,0,0,1,2
1610,0,48,11,1,0,1,0
2933,0,72,24,0,0,0,1
62,0,4,4,0,0,1,0
587,0,8,10,0,0,0,0
1116,0,24,32,0,0,2,1
132,0,4,28,0,0,2,1
2743,1,48,25,0,0,1,2
325,0,8,28,0,0,0,0
134,1,4,37,0,0,2,2
434,0,8,22,0,1,2,1
286,1,4,9,0,0,1,1
519,0,8,37,1,1,2,1
44,0,4,14,0,0,0,0
439,1,8,36,0,0,0,1
1936,0,48,22,0,0,1,0
1694,0,48,22,0,0,1,0
101,0,4,39,0,0,1,1
70,0,4,25,0,0,0,0
695,0,24,11,0,0,2,0
1336,1,24,28,0,0,0,1
406,0,8,19,0,1,1,0
445,0,8,33,0,0,0,0
3060,0,72,22,0,1,2,2
183,0,4,11,1,0,0,0
2965,0,72,24,0,0,0,1
501,1,8,38,0,0,2,2
1303,0,24,18,0,1,0,0
1151,0,24,41,1,0,0,0
199,0,4,30,1,0,0,1
264,1,4,19,0,0,1,1
395,0,8,15,0,0,0,0
984,1,24,12,0,0,0,1
686,0,24,44,1,1,0,0
2890,1,48,20,0,0,2,2
464,1,4,6,0,0,1,1
4082,1,72,9,0,0,0,1
72,0,4,19,1,0,1,1
609,0,8,7,0,0,2,0
2725,1,48,14,0,0,0,1
474,0,8,13,1,1,2,1
246,0,4,21,1,0,1,1
250,0,4,7,1,0,1,1
258,1,4,30,0,0,0,1
3457,0,72,5,0,0,0,0
320,0,4,25,0,0,1,1
1632,0,48,19,0,0,0,0
3349,1,48,10,0,0,1,2
3527,0,72,32,1,0,0,1
288,0,4,34,0,0,1,1
328,0,4,12,0,0,0,0
1243,0,24,27,0,0,0,0
1619,0,48,21,1,1,0,1
420,1,4,11,1,0,1,2
1374,0,48,36,0,0,0,0
3001,0,72,17,0,0,2,1
209,1,4,23,0,0,1,2
405,0,8,8,1,1,0,0
305,0,4,33,1,1,0,1
366,0,8,22,0,0,1,0
1047,0,24,18,0,0,0,0
1195,1,24,28,1,0,0,1
192,1,4,24,0,1,0,2
494,0,8,14,0,0,0,0
167,0,4,33,0,0,0,0
219,0,4,14,0,0,1,0
650,1,8,6,0,0,2,1
61,0,4,11,0,1,0,0
472,0,8,22,0,0,0,0
98,0,4,11,1,0,0,0
575,0,8,18,1,0,0,0
288,0,4,8,0,0,0,0
3292,1,48,9,0,0,1,2
313,0,4,41,1,0,0,1
3115,1,48,21,1,1,0,2
2635,0,72,22,0,0,0,1
472,0,8,17,0,0,2,0
758,0,24,25,0,0,0,0
309,0,4,34,0,0,0,0
432,0,8,14,1,0,1,0
398,0,8,18,1,0,0,0
3283,0,72,48,0,0,2,2
268,0,4,28,0,1,2,2
412,0,8,20,0,0,1,0
257,0,4,34,0,1,1,1
645,1,8,11,0,0,2,1
1720,0,48,29,1,1,0,1
388,1,4,23,0,0,2,2
2498,1,48,7,1,0,2,2
1599,0,48,25,0,0,1,0
304,1,4,21,0,1,2,2
507,1,8,27,1,0,0,1
25,0,4,6,0,0,2,1
330,1,4,25,1,0,0,2
326,1,4,31,1,0,1,2
580,0,8,21,0,0,0,0
1307,0,48,26,0,0,1,0
65,0,4,32,1,0,2,2
1585,0,48,11,0,1,0,0
64,0,4,17,1,0,0,0
3596,0,72,7,0,1,2,2
124,1,4,27,0,0,2,2
191,1,4,8,0,0,0,1
125,1,4,18,1,0,1,2
1619,1,24,15,1,0,0,1
359,1,4,12,0,0,0,1
138,0,4,12,0,0,2,1
106,0,4,5,1,0,2,1
3146,0,72,26,0,0,2,2
147,0,4,31,0,0,2,1
340,1,4,24,0,0,2,2
368,0,8,32,0,0,2,1
231,0,4,25,1,0,0,1
1875,0,48,33,0,0,1,0
439,1,4,10,0,0,0,1
79,0,4,11,0,0,2,1
170,1,4,36,1,0,1,2
1694,0,48,12,1,0,2,1
117,0,4,6,1,0,0,0
257,0,4,30,0,0,1,1
389,1,4,17,0,0,2,2
291,0,4,21,0,0,0,0
478,0,8,17,1,0,0,0
66,0,4,5,0,0,0,0
1180,0,24,20,0,1,1,0
1316,1,24,39,1,0,2,2
556,0,8,15,1,0,2,1
543,0,8,10,0,0,0,0
195,0,4,33,0,0,1,1
1474,0,48,21,0,0,0,0
143,0,4,8,0,0,0,0
1035,0,24,18,0,0,0,0
441,0,8,34,0,0,2,1
411,0,8,6,0,0,0,0
212,0,4,13,0,0,0,0
152,0,4,23,1,0,1,1
1125,0,24,39,1,0,2,1
662,0,24,16,0,0,1,0
379,1,4,7,0,0,1,1
160,1,4,22,0,0,0,1
453,1,8,44,0,0,0,1
146,0,4,14,0,0,0,0
126,1,4,30,1,0,1,2
1544,0,48,13,1,0,0,0
91,1,4,11,0,0,0,1
273,0,4,41,0,0,0,0
273,1,4,29,0,0,2,2
117,0,4,17,0,0,0,0
1328,0,48,40,1,0,2,1
53,1,4,12,1,1,0,2
268,0,4,24,0,0,1,1
298,0,4,8,0,0,0,0
456,1,4,18,0,0,0,1
361,0,8,37,0,0,0,0
958,0,24,28,0,0,1,0
1553,0,48,7,0,0,0,0
133,0,4,12,0,0,2,1
1334,0,48,18,0,0,1,0
648,0,24,8,1,0,1,0
107,0,4,7,0,0,1,0
1006,0,24,13,0,0,0,0
128,0,4,27,1,0,1,1
3508,0,72,40,1,0,1,1
1416,0,48,28,1,1,1,1
3448,0,72,6,1,0,0,1
100,0,4,29,0,0,1,1
310,1,4,12,0,0,2,2
63,0,4,15,0,1,1,1
140,0,4,11,0,0,2,1
143,0,4,13,0,0,0,0
1970,0,48,3,0,0,0,0
3520,1,72,8,0,0,2,2
63,1,4,9,0,0,1,1
497,1,8,34,1,0,1,1
688,0,24,33,0,0,0,0
239,0,4,8,0,0,1,0
1765,1,48,35,0,0,0,1
687,0,24,7,0,0,1,0
519,1,8,14,0,0,1,1
310,0,4,31,0,0,0,0
511,0,8,29,1,0,0,0
320,1,4,17,0,0,0,1
66,0,4,13,0,0,0,0
1302,0,24,10,0,0,2,1
3825,0,72,4,0,0,2,1
1096,0,24,8,0,0,1,0
533,1,8,9,1,0,1,1
178,0,4,7,0,0,0,0
439,0,8,20,1,0,2,1
370,0,4,16,1,1,0,1
1114,1,24,2,0,0,0,1
323,1,4,26,1,0,0,2
106,0,4,18,0,0,1,0
373,0,8,22,0,1,0,0
547,0,8,6,0,0,0,0
341,0,4,27,0,0,2,1
551,1,8,11,1,0,2,2
591,0,24,40,1,0,0,0
1471,1,24,15,0,0,0,1
1358,1,24,12,0,0,1,1
278,1,4,20,1,0,1,2
1856,0,48,13,0,0,0,0
462,0,8,11,0,0,0,0
595,0,8,8,1,0,0,0
90,0,4,16,0,0,2,1
399,1,4,10,1,0,2,2
1395,0,48,32,0,0,0,0
500,1,8,18,0,0,0,0
1357,0,24,30,0,0,0,0
3528,0,72,37,0,0,2,2
498,0,8,17,1,1,2,1
1599,1,24,4,0,0,1,1
471,1,8,39,0,0,1,1
229,0,4,39,0,0,1,1
415,0,8,2,0,0,2,0
335,0,8,9,1,0,1,0
422,1,4,11,0,0,1,1
380,0,8,10,1,1,0,0
283,1,4,24,0,0,2,2
2617,0,48,22,0,0,1,1
392,1,4,3,0,1,0,1
237,0,4,16,0,0,0,0
127,1,4,18,0,0,0,1
114,0,4,26,0,0,0,0
177,0,4,28,0,0,0,0
134,1,4,16,0,0,1,1
278,0,4,14,0,0,0,0
225,0,4,17,0,0,1,0
565,1,8,45,0,0,2,2
1065,0,24,22,0,0,2,1
98,0,4,45,1,0,0,1
2994,0,72,26,1,0,0,1
1465,0,48,42,1,0,0,0
173,0,4,30,0,0,0,0
448,0,8,5,0,0,0,0
1315,0,48,13,1,1,0,0
1451,0,24,12,1,0,1,0
436,0,8,44,0,0,2,1
1223,0,24,7,0,0,0,0
1845,0,48,23,1,0,2,1
4243,0,72,12,1,0,1,1
223,1,4,27,0,1,1,2
329,0,4,10,0,0,0,0
2698,0,72,3,0,0,2,1
908,0,24,17,0,0,0,0
237,0,4,15,0,0,0,0
96,0,4,7,0,0,1,0
81,1,4,17,0,0,2,2
1569,0,48,8,0,0,0,0
947,0,24,31,1,0,2,1
102,1,4,38,0,1,1,2
94,0,4,28,0,0,1,1
459,1,4,29,0,1,1,2
1658,0,48,24,1,0,0,0
222,0,4,9,0,0,0,0
485,0,8,31,1,0,0,0
1604,0,48,7,0,0,1,0
244,1,4,40,0,0,2,2
83,0,4,6,0,0,0,0
74,0,4,31,1,0,1,1
1058,0,24,5,0,0,0,0
2514,0,48,4,0,0,0,0
471,1,8,11,0,0,1,1
84,0,4,10,0,0,0,0
2503,1,48,33,0,1,2,2
133,0,4,13,0,0,2,1
1721,1,48,23,0,0,0,1
67,0,4,2,1,0,1,1
305,1,4,39,1,0,1,2
154,0,4,25,1,0,0,1
269,1,4,16,1,0,0,1
3078,0,72,15,0,0,0,0
196,0,4,30,1,1,1,1
147,0,4,19,0,0,1,0
245,0,4,13,0,0,1,0
678,0,24,10,0,0,0,0
3877,0,72,5,0,0,2,1
343,1,4,5,0,0,1,1
264,0,4,9,1,1,1,1
3223,0,72,11,0,1,1,1
242,0,4,21,1,0,2,2
409,1,8,36,0,0,0,1
569,1,8,14,0,0,0,0
1295,0,24,38,1,1,0,1
231,0,4,15,0,0,1,0
688,1,8,19,0,1,1,1
458,0,8,27,0,0,0,0
309,1,4,11,1,1,1,2
1036,1,24,4,1,1,1,2
117,0,4,35,0,0,0,0
1278,1,24,22,0,0,1,1
150,0,4,22,1,1,2,2
257,0,4,15,1,0,0,0
148,0,4,18,0,0,0,0
650,0,8,6,0,0,1,0
177,0,4,6,0,0,0,0
1707,1,48,18,1,0,2,2
166,0,4,12,0,0,1,0
355,0,8,12,1,0,2,1
1137,0,48,23,0,1,0,0
1101,0,24,13,0,1,2,1
195,0,4,20,0,0,0,0
110,0,4,17,0,0,1,0
490,0,8,19,1,0,1,0
593,0,8,11,0,0,2,0
425,1,4,9,0,0,1,1
3021,0,72,10,0,0,0,0
108,0,4,13,0,0,1,0
634,0,24,22,0,0,0,0
590,1,8,11,0,1,1,1
160,0,4,14,0,0,0,0
245,0,4,6,1,1,1,1
1252,0,24,34,0,0,1,0
381,0,8,30,1,0,1,0
209,0,4,10,0,0,0,0
520,0,8,22,0,0,0,0
2110,0,48,33,1,0,2,2
496,1,8,11,0,0,2,1
495,1,8,9,0,0,0,0
1570,1,24,4,0,0,0,1
116,0,4,20,1,0,0,0
113,0,4,11,1,0,0,0
280,0,4,14,0,0,2,1
578,0,8,24,0,1,2,1
299,0,4,26,0,0,1,1
379,1,4,18,0,1,1,2
2313,1,48,4,0,0,0,1
27,0,4,7,0,0,1,0
3565,1,48,39,0,0,2,2
286,0,4,37,1,0,0,1
654,0,8,16,0,0,0,0
1154,1,24,7,0,0,2,2
60,1,4,34,0,1,0,2
495,0,8,15,0,0,1,0
266,0,4,27,0,0,1,1
492,0,8,12,0,1,0,0
366,1,4,7,1,0,1,2
129,0,4,27,1,1,1,1
232,0,4,23,0,0,2,1
1699,0,48,31,0,0,1,0
1522,1,24,7,0,0,1,1
174,0,4,23,1,0,0,1
90,0,4,27,0,0,0,0
121,0,4,33,0,0,0,0
325,0,4,5,1,1,0,1
1778,0,48,11,0,0,0,0
1562,1,24,23,0,0,0,1
104,0,4,19,0,0,0,0
342,0,4,22,0,0,0,0
1055,1,24,8,0,0,0,1
267,1,4,39,0,0,0,1
376,0,8,17,0,0,0,0
165,0,4,20,0,0,2,1
130,0,4,9,1,0,0,0
1289,0,24,18,0,0,1,0
3437,0,72,18,0,0,0,0
559,0,8,34,0,0,2,1
218,0,4,30,1,0,0,1
615,0,24,10,0,0,1,0
113,0,4,37,0,0,1,1
378,0,8,33,1,0,1,0
326,1,4,16,0,0,0,1
1059,0,24,6,1,0,1,0
1382,0,48,21,0,1,1,1
315,0,4,15,1,0,0,0
169,0,4,14,0,0,0,0
177,0,4,34,0,0,1,1
375,1,4,20,1,0,2,2
223,1,4,43,0,0,0,1
27,0,4,20,1,0,0,0
1428,0,48,22,0,0,2,1
551,0,8,27,0,0,1,0
425,0,8,24,0,0,0,0
167,0,4,25,0,0,0,0
514,0,8,23,0,0,2,1
413,0,8,12,1,0,0,0
118,1,4,31,1,0,0,2
176,0,4,34,0,0,1,1
2583,0,72,36,1,0,1,1
218,0,4,15,1,0,0,0
98,0,4,20,0,0,2,1
2469,1,48,42,0,0,2,2
184,0,4,42,1,0,0,1
171,0,4,39,0,0,0,0
268,1,4,9,0,0,1,1
424,0,8,19,0,0,2,0
30,0,4,43,1,0,1,1
576,0,8,27,0,0,1,0
416,0,8,11,1,0,0,0
354,0,4,21,0,0,1,1
370,0,8,7,0,0,0,0
780,0,24,16,1,0,2,1
1641,0,48,20,0,0,2,1
395,0,8,12,0,0,2,0
135,0,4,8,0,0,1,0
1773,0,48,7,0,1,0,0
2922,0,72,7,1,0,1,1
302,0,8,20,0,0,2,0
1605,0,48,32,1,0,1,1
127,0,4,20,0,0,1,0
3078,0,72,3,1,0,2,2
1845,0,48,20,1,0,0,0
190,0,4,20,0,1,2,1
260,1,4,23,0,0,0,1
1065,0,24,9,1,0,0,0
2732,0,48,30,0,0,1,1
1608,0,48,13,1,0,0,0
655,0,8,18,0,0,0,0
399,1,8,8,1,0,1,1
169,0,4,22,1,0,2,2
136,0,4,15,1,0,1,1
1653,0,48,23,1,0,1,1
471,1,8,15,1,0,0,1
1907,0,48,11,1,0,1,0
691,1,8,16,0,0,0,0
131,1,4,21,0,0,0,1
75,0,4,33,0,0,0,0
491,0,8,4,0,0,0,0
296,0,4,23,1,1,0,1
1048,1,24,15,0,0,1,1
118,0,4,10,1,0,0,0
603,0,8,4,0,0,1,0
1178,0,24,12,0,0,2,1
141,0,4,18,0,0,1,0
256,0,4,11,0,0,1,0
358,1,4,16,0,0,1,1
380,1,4,11,1,0,0,1
2220,0,48,17,1,0,0,1
340,1,4,14,0,0,0,1
139,0,4,9,0,0,0,0
705,0,24,41,0,1,2,1
1342,0,24,23,1,1,0,1
263,1,4,10,1,0,0,1
1188,0,24,14,1,1,0,0
1109,0,24,22,0,0,1,0
84,0,4,17,0,0,0,0
2987,0,72,20,1,0,0,1
350,0,8,25,0,0,1,0
791,0,24,21,0,0,0,0
411,0,8,11,0,0,2,0
501,1,8,14,1,0,2,2
187,0,4,43,0,0,2,1
324,0,8,11,0,0,0,0
324,0,8,11,0,0,2,0
495,1,8,13,0,0,1,1
179,0,4,9,1,0,0,0
68,1,4,15,0,0,1,1
1583,0,48,28,0,1,0,0
1231,0,24,30,0,1,0,0
287,0,4,5,1,0,1,1
348,0,8,10,1,0,1,0
202,0,4,15,0,0,0,0
97,0,4,19,0,0,1,0
327,0,4,5,0,1,2,1
164,1,4,28,1,0,0,2
234,0,4,12,0,1,1,1
235,0,4,24,0,0,1,1
122,0,4,33,1,1,1,1
234,0,4,26,0,1,2,2
771,1,24,36,0,0,2,2
1524,0,48,32,0,0,1,0
137,0,4,15,1,0,0,0
104,0,4,31,1,0,0,1
304,0,4,38,1,0,2,2
970,0,24,23,0,0,1,0
432,0,8,17,0,0,2,0
191,1,4,18,0,0,0,1
466,0,8,12,1,0,1,0
1077,0,24,18,0,0,1,0
1526,0,48,19,0,0,0,0
465,0,8,6,1,0,0,0
170,0,4,15,0,0,1,0
67,0,4,19,0,0,0,0
1542,0,48,24,0,0,1,0
247,0,4,43,0,0,0,0
3065,1,72,7,0,0,1,2
256,1,4,9,0,0,1,1
2772,1,48,17,0,0,0,1
249,0,4,16,0,0,1,0
263,0,4,16,0,0,0,0
541,1,8,27,0,0,1,1
1086,0,24,17,0,0,1,0
107,0,4,10,0,0,0,0
1365,1,24,20,0,0,2,2
1464,1,24,6,0,0,2,2
174,1,4,16,1,0,2,2
117,0,4,27,0,0,0,0
676,1,8,22,0,0,0,1
92,0,4,17,1,0,0,0
484,1,8,13,1,0,0,1
189,0,4,17,0,0,0,0
486,1,8,44,0,0,0,1
247,0,4,20,0,0,1,0
134,0,4,29,1,0,0,1
257,0,4,19,0,0,0,0
414,1,4,10,0,1,0,1
349,1,4,13,1,0,0,1
57,1,4,13,0,0,0,1
506,1,8,39,1,0,0,1
441,0,8,45,0,0,2,1
64,1,4,42,0,0,2,2
1564,0,48,13,0,0,1,0
403,1,4,12,0,1,0,1
650,0,8,24,0,1,0,0
1689,0,48,42,0,0,0,0
265,1,4,17,0,0,1,1
543,0,8,9,0,0,2,0
1430,0,48,2,0,0,0,0
3787,0,72,17,1,0,0,1
274,0,4,18,1,0,0,0
418,1,8,4,1,1,0,1
1397,0,24,25,1,1,0,1
115,0,4,21,0,0,1,1
351,0,8,21,0,0,1,0
78,0,4,46,0,0,2,1
1846,1,48,5,1,0,1,1
619,0,24,27,1,0,0,0
1328,0,48,39,0,1,2,1
273,0,4,20,0,0,1,0
167,1,4,6,1,0,1,2
92,0,4,12,0,0,0,0
141,0,4,33,1,0,0,1
1536,0,48,31,0,0,0,0
687,1,8,17,1,0,1,1
1074,0,24,11,0,0,1,0
3478,0,72,20,0,1,1,1
62,0,4,28,1,0,0,1
544,0,8,17,0,0,0,0
465,0,8,18,0,1,1,0
442,0,8,17,0,0,0,0
578,1,8,35,1,0,0,1
25,0,4,13,1,0,1,1
250,0,4,42,0,0,0,0
89,0,4,15,0,1,2,1
1475,0,48,13,1,0,0,0
969,1,8,6,0,0,0,1
1276,1,24,6,0,0,0,1
3831,0,72,13,1,0,1,1
225,0,4,23,0,0,1,1
214,0,4,10,0,0,1,0
1384,0,48,25,1,0,0,0
1347,0,48,29,0,0,0,0
985,0,24,23,0,0,1,0
174,1,4,22,0,0,0,1
393,1,4,27,0,0,1,2
239,0,4,42,1,0,0,1
293,0,4,38,0,0,2,1
404,1,4,11,0,0,2,2
405,0,8,31,0,0,0,0
431,1,4,10,0,0,0,1
690,0,8,22,0,0,2,1
77,0,4,47,0,0,2,1
3761,1,72,9,1,0,1,2
351,0,8,23,0,0,1,0
442,0,8,17,0,1,0,0
178,0,4,13,0,0,0,0
273,1,4,32,1,0,0,2
110,0,4,7,0,1,0,0
1210,0,24,14,1,1,0,0
231,0,4,19,0,0,1,0
584,0,8,29,1,0,0,0
701,1,8,23,0,1,0,1
1314,0,24,25,1,0,0,0
1100,0,24,21,0,0,0,0
277,1,4,34,0,0,1,2
181,1,4,32,0,0,1,2
1107,0,24,9,0,1,0,0
359,0,4,36,1,0,0,1
259,1,4,7,0,0,0,1
58,0,4,17,0,1,1,1
167,1,4,38,1,0,2,2
317,0,8,41,0,0,0,0
2383,0,72,22,0,0,2,2
1409,0,48,13,0,0,2,1
281,0,4,38,0,0,2,1
728,1,8,39,1,0,0,1
423,0,8,36,1,0,1,0
2537,0,72,40,1,0,0,1
1385,0,48,11,0,0,2,1
585,1,8,24,0,0,0,1
299,1,4,27,0,0,0,1
1245,1,24,6,0,1,1,1
491,1,8,24,0,1,1,1
137,0,4,20,0,0,0,0
3075,0,72,33,0,0,0,1
2629,1,48,24,0,0,1,2
86,1,4,29,1,0,1,2
101,0,4,27,0,0,0,0
3389,0,72,28,1,0,1,1
512,0,8,34,1,0,0,0
417,1,4,1,0,0,1,1
394,0,8,30,0,0,2,1
229,0,4,13,0,0,2,1
106,1,4,26,0,1,0,2
284,0,4,26,0,0,2,1
115,1,4,11,0,0,1,1
107,0,4,21,0,0,0,0
511,1,8,12,0,0,0,0
3420,0,72,20,0,1,0,1
671,0,24,10,1,1,1,0
328,0,8,10,0,0,1,0
471,0,8,19,0,0,0,0
1450,0,48,6,1,0,0,0
2650,0,48,19,0,0,0,0
176,0,4,30,0,0,0,0
585,1,8,14,1,0,1,1
3593,0,72,19,0,0,0,0
348,1,4,26,0,0,0,1
159,0,4,44,1,1,2,2
412,1,8,10,1,0,0,1
2733,0,48,14,0,1,0,1
265,1,4,31,1,0,0,2
345,0,8,16,1,0,2,1
656,0,8,15,1,0,0,0
527,0,8,7,1,0,2,1
309,1,4,11,1,0,0,1
730,0,24,15,0,0,0,0
310,0,8,20,0,0,0,0
588,0,24,23,0,0,1,0
1212,0,24,24,0,0,1,0
282,0,4,35,1,0,1,1
180,0,4,7,0,0,1,0
490,0,8,29,0,0,1,0
1720,0,48,15,0,0,0,0
55,1,4,32,0,0,0,1
24,0,4,4,0,0,2,1
916,0,24,13,1,0,1,0
561,0,8,25,0,0,1,0
135,1,4,36,0,0,0,1
229,0,4,27,0,0,0,0
72,0,4,24,0,0,2,1
114,0,4,3,0,0,0,0
1911,1,48,6,0,1,1,1
1507,0,48,17,1,1,0,0
235,1,4,20,0,0,1,1
233,0,4,28,0,1,1,1
3125,0,72,34,0,0,1,1
234,1,4,19,1,0,0,1
107,0,4,22,0,0,0,0
1281,0,48,23,1,0,0,0
246,0,4,8,0,0,0,0
175,0,4,26,0,0,1,1
335,1,4,10,0,1,0,1
89,0,4,22,0,0,0,0
995,0,24,9,0,0,0,0
55,0,4,23,1,0,1,1
1673,1,24,30,0,0,2,2
387,0,8,27,1,0,0,0
2972,0,72,13,0,0,0,0
86,0,4,17,0,0,1,0
199,0,4,29,0,0,0,0
748,0,24,15,0,0,0,0
3676,0,72,5,0,0,0,0
299,1,4,7,0,0,1,1
1163,0,24,16,1,0,0,0
1434,0,48,31,0,0,1,0
100,1,4,7,0,0,2,2
587,0,8,18,0,0,0,0
104,0,4,21,1,0,0,1
25,1,4,19,0,0,0,1
698,0,8,13,0,0,0,0
74,0,4,32,0,1,0,1
107,0,4,18,1,0,0,0
120,1,4,4,1,0,0,1
1372,0,48,31,0,0,0,0
1455,0,48,10,0,0,1,0
212,0,4,38,0,0,0,0
1514,0,48,28,0,0,0,0
112,0,4,17,0,0,0,0
2234,1,48,13,0,0,1,2
295,0,4,19,0,0,2,1
598,1,8,32,0,0,2,2
2891,0,72,18,0,1,0,1
403,0,8,15,0,0,0,0
205,0,4,13,0,0,2,1
288,1,4,28,1,0,0,2
405,1,4,15,1,0,0,1
1324,1,24,33,0,1,1,2
325,0,8,26,1,1,1,1
423,0,8,14,0,1,1,0
260,0,4,6,1,0,0,0
1594,0,48,27,0,0,0,0
267,0,4,11,0,1,1,1
246,1,4,7,0,0,1,1
497,0,8,25,0,0,2,1
377,0,8,32,0,0,1,0
3760,1,72,46,0,0,0,2
206,0,4,7,1,0,0,0
255,0,4,20,0,0,0,0
268,1,4,28,0,0,1,2
300,0,4,36,0,0,2,1
2682,1,48,11,0,0,2,2
181,0,4,4,0,0,0,0
3005,0,72,3,0,0,0,0
3109,0,72,5,0,0,1,1
130,0,4,23,1,0,2,2
1097,0,24,24,0,0,2,1
231,0,4,17,0,0,2,1
1171,0,24,14,0,0,0,0
344,0,4,9,0,0,1,0
728,1,8,13,0,0,2,1
2506,0,48,11,0,0,1,1
812,0,24,12,0,0,0,0
47,0,4,9,1,0,2,1
115,1,4,11,0,1,2,2
461,0,8,9,0,0,2,0
372,0,8,12,0,0,1,0
1543,0,48,30,1,0,1,1
281,0,4,6,1,1,1,1
2828,1,48,33,0,0,0,2
408,1,8,18,0,0,1,1
407,0,8,8,0,1,1,0
119,0,4,23,0,0,0,0
80,0,4,5,0,0,0,0
344,0,4,12,0,0,0,0
136,0,4,35,0,1,0,1
1128,0,24,10,0,0,1,0
4107,0,72,23,1,0,1,1
1273,0,24,37,1,0,2,1
363,0,8,19,0,0,0,0
3382,0,72,11,0,0,0,0
447,1,8,15,0,0,2,1
229,0,4,21,0,0,0,0
165,1,4,31,0,0,1,2
182,0,4,39,0,0,0,0
294,0,4,24,1,0,0,1
174,0,4,46,1,0,0,1
2904,1,48,8,0,0,0,1
3316,0,72,8,1,0,0,1
404,0,8,34,0,0,0,0
223,0,4,14,0,0,2,1
121,0,4,13,0,0,0,0
110,1,4,17,0,0,2,2
77,0,4,31,1,0,0,1
170,0,4,24,0,0,0,0
577,0,8,11,1,0,1,0
137,0,4,18,1,0,1,1
350,0,8,25,0,0,0,0
518,1,8,18,1,0,2,2
228,0,4,15,1,0,0,0
3284,0,72,8,1,0,1,1
83,0,4,32,0,0,2,1
411,0,8,9,0,0,1,0
951,0,24,26,1,0,1,1
604,0,8,3,0,0,0,0
3576,1,48,25,1,0,0,2
553,0,8,12,0,0,0,0
239,1,4,9,0,0,1,1
559,1,8,20,0,0,0,0
10,0,4,23,1,0,0,1
334,0,8,34,0,0,0,0
3670,0,72,45,1,1,0,1
152,0,4,45,0,0,2,1
77,0,4,15,0,0,1,0
1539,1,24,30,0,0,2,2
207,0,4,34,0,0,2,1
479,0,8,12,0,0,0,0
273,1,4,16,1,0,1,2
271,0,4,13,0,0,0,0
214,0,4,17,0,1,0,0
1199,0,48,12,0,0,0,0
189,0,4,10,1,0,0,0
144,0,4,23,1,0,1,1
881,1,24,19,1,1,0,1
1561,0,48,11,1,0,0,0
3057,1,48,12,0,0,2,2
235,0,4,9,0,0,1,0
128,1,4,9,0,0,0,1
1359,0,24,24,0,0,0,0
88,1,4,29,0,0,1,2
179,0,4,6,1,0,1,1
1436,0,48,26,0,0,0,0
161,1,4,26,0,0,0,1
1350,1,24,20,0,0,0,1
1354,0,48,33,0,1,2,1
53,0,4,31,1,0,1,1
1227,0,48,18,1,0,0,0
1216,0,24,32,0,0,0,0
534,0,8,31,0,1,1,0
250,1,4,10,1,0,0,1
207,0,4,11,0,0,2,1
139,0,4,9,0,0,1,0
70,1,4,11,0,0,0,1
893,1,8,4,0,0,0,1
243,1,4,27,0,1,0,2
433,1,8,10,0,0,1,1
247,0,4,17,0,0,1,0
714,1,8,15,0,0,0,0
672,0,24,7,0,1,2,1
1573,0,48,21,0,0,2,1
216,0,4,18,0,0,0,0
91,1,4,8,0,0,0,1
454,1,8,46,1,1,2,2
527,0,8,47,0,0,0,0
511,0,8,22,0,0,0,0
1313,1,24,17,1,0,0,1
81,0,4,7,1,0,1,1
80,1,4,31,1,0,1,2
265,0,4,7,1,0,1,1
568,1,8,11,1,0,0,1
423,1,4,18,0,0,1,1
512,0,8,32,0,0,0,0
316,0,8,16,0,0,0,0
246,0,4,19,0,0,1,0
217,0,4,5,0,0,0,0
3174,1,72,16,1,0,1,2
2556,1,48,6,0,0,1,2
293,0,4,35,0,0,0,0
10,0,4,26,0,0,1,1
358,1,4,17,1,0,2,2
1598,0,48,45,1,0,0,0
1283,0,48,35,0,0,2,1
1524,0,48,25,0,1,1,1
571,0,8,2,0,0,0,0
108,0,4,16,0,0,0,0
259,1,4,13,0,0,0,1
1146,0,24,20,0,1,1,0
125,0,4,11,0,0,0,0
77,1,4,8,0,1,0,1
277,0,4,7,0,0,0,0
1171,0,48,19,0,0,0,0
1584,0,48,29,0,1,2,1
140,1,4,1,0,0,1,1
330,1,4,13,0,0,1,1
127,0,4,19,0,1,0,0
269,0,4,16,0,0,0,0
112,0,4,33,1,0,0,1
519,0,8,31,0,0,0,0
51,1,4,19,0,0,1,1
145,1,4,23,0,0,0,1
577,0,8,29,0,1,2,1
517,1,8,38,0,0,0,1
1278,0,48,30,0,1,2,1
519,0,8,42,0,0,1,0
417,1,8,49,0,0,0,1
398,0,8,20,0,0,2,0
915,1,8,33,1,1,0,2
373,0,8,21,0,0,0,0
226,1,4,9,0,0,2,2
152,1,4,21,0,0,0,1
125,0,4,44,1,0,0,1
544,0,8,26,0,0,0,0
2580,1,48,16,0,0,1,2
279,0,4,16,1,0,0,0
400,1,4,41,0,0,0,1
331,1,4,5,0,0,2,2
941,0,24,7,1,0,2,1
425,0,8,27,0,0,0,0
156,0,4,10,1,1,0,1
1223,0,24,10,1,0,0,0
3712,0,72,8,0,0,0,0
91,1,4,15,1,0,0,1
63,0,4,36,0,0,0,0
191,1,4,12,0,0,1,1
1220,1,24,37,0,0,0,1
156,0,4,17,0,0,0,0
210,0,4,33,0,0,0,0
562,0,8,44,0,0,1,0
56,0,4,2,1,0,2,1
222,0,4,9,0,0,0,0
1595,0,48,9,1,0,0,0
153,0,4,5,0,0,1,0
182,0,4,32,0,1,0,1
524,0,8,28,0,0,1,0
421,0,8,46,1,0,0,0
1534,0,48,18,0,0,1,0
177,0,4,13,1,0,1,1
385,0,8,9,0,0,2,0
372,0,4,27,0,1,0,1
293,1,4,31,1,0,2,2
472,0,8,30,1,0,0,0
1435,1,24,32,1,0,0,1
154,0,4,27,0,0,1,1
1311,1,24,11,0,0,2,2
99,0,4,33,0,0,0,0
462,0,8,10,0,1,0,0
486,0,8,35,0,0,0,0
288,0,4,16,0,1,1,1
1160,1,24,31,0,0,1,1
187,1,4,24,0,0,1,2
2377,0,72,43,1,1,0,1
332,1,4,40,1,0,1,2
355,0,8,19,1,0,0,0
1306,0,24,12,0,0,1,0
3291,1,72,14,0,1,1,2
335,0,8,14,0,0,0,0
135,0,4,9,0,1,2,1
1528,0,48,13,0,0,1,0
117,1,4,15,0,0,1,1
192,0,4,19,0,0,1,0
375,0,8,46,1,0,1,0
2990,0,72,33,0,0,1,1
403,0,8,15,1,0,2,1
2176,0,48,20,0,0,2,1
323,1,4,16,0,0,0,1
238,0,4,28,0,0,2,1
165,0,4,17,1,0,1,1
323,0,8,24,1,0,0,0
2963,0,72,27,0,0,2,2
344,0,8,14,0,0,0,0
42,0,4,17,0,0,1,0
367,0,8,17,1,0,0,0
79,1,4,13,1,0,0,1
113,0,4,10,1,0,0,0
2751,1,48,30,0,0,1,2
1467,0,48,13,1,0,1,0
2915,1,48,25,1,0,0,2
1026,0,24,25,1,1,0,1
1114,0,24,40,0,0,0,0
2441,0,48,39,0,0,2,2
201,1,4,39,0,0,1,2
364,1,4,19,0,1,0,1
1311,0,48,37,1,0,1,1
2945,0,48,20,0,0,0,0
1710,1,24,18,1,0,0,1
489,0,8,2,0,0,2,0
226,0,4,7,0,0,2,1
328,0,4,11,1,1,0,1
777,1,24,26,0,0,0,1
208,0,4,10,0,0,1,0
294,0,4,6,1,0,1,1
152,0,4,31,0,0,0,0
130,0,4,26,0,0,2,1
113,1,4,19,0,0,0,1
527,0,8,3,1,0,2,1
177,0,4,38,0,0,1,1
112,0,4,29,0,0,0,0
3616,0,72,9,0,0,0,0
3612,0,72,6,1,1,2,2
51,0,4,9,0,0,0,0
192,1,4,21,1,0,0,2
682,0,24,2,0,0,2,0
253,0,4,16,0,0,0,0
100,0,4,16,0,0,2,1
117,0,4,20,0,0,0,0
4045,1,72,6,0,1,0,2
446,1,8,22,0,0,2,2
1360,0,48,16,1,0,2,1
23,0,4,22,0,0,0,0
1216,0,48,32,1,0,0,0
638,1,8,11,0,1,0,1
2833,1,48,9,0,0,0,1
367,0,8,39,0,0,1,0
248,0,4,12,1,0,0,0
81,0,4,19,1,0,2,1
156,0,4,7,0,0,0,0
3480,0,72,12,1,0,0,1
328,1,4,20,0,0,0,1
109,1,4,8,0,0,0,1
198,0,4,36,1,0,0,1
350,0,8,16,0,0,0,0
3240,0,72,31,1,0,1,1
285,1,4,35,0,0,0,1
493,0,8,4,0,0,1,0
1235,0,48,11,0,0,1,0
1390,1,24,5,0,0,1,1
676,0,8,17,1,0,0,0
1079,1,24,13,1,0,1,1
49,0,4,5,0,1,1,1
494,0,8,19,0,0,0,0
504,0,8,13,1,0,0,0
420,1,4,33,0,0,0,1
56,1,4,29,1,0,1,2
176,0,4,17,1,0,2,1
132,1,4,24,0,0,0,1
3617,0,72,15,0,0,2,1
483,0,8,12,0,0,0,0
344,1,4,18,1,0,0,1
542,0,8,14,1,0,2,1
3387,0,72,14,0,0,1,1
609,0,8,15,0,1,1,0
88,0,4,19,0,0,1,0
78,0,4,20,0,1,0,0
218,0,4,32,0,0,2,1
22,1,4,16,0,1,1,2
271,1,4,17,1,0,2,2
1328,1,24,14,0,0,0,1
317,1,4,11,1,0,0,1
682,0,8,26,0,0,0,0
173,1,4,30,0,0,0,1
1648,1,24,34,1,0,0,1
427,0,8,20,0,1,0,0
379,0,8,40,0,0,2,1
2442,0,48,25,0,0,0,1
3519,1,72,25,0,0,1,2
267,1,4,47,0,0,1,2
341,0,8,22,0,1,0,0
163,1,4,24,0,0,0,1
359,1,4,35,0,0,1,2
3529,0,72,29,1,1,0,1
1243,0,48,8,0,0,2,1
554,1,8,16,0,0,0,0
505,1,8,5,0,0,0,0
350,0,8,32,0,0,1,0
1443,0,48,24,0,0,1,0
1328,0,24,30,0,0,0,0
81,0,4,13,0,0,0,0
1081,1,24,16,0,0,2,2
116,0,4,33,0,0,0,0
2623,0,72,15,1,0,0,1
971,0,24,22,0,0,0,0
321,1,4,5,1,0,2,2
1206,0,48,9,0,0,1,0
310,0,4,33,1,0,1,1
539,0,8,8,0,0,1,0
2379,1,48,3,0,0,1,2
595,0,8,18,1,0,0,0
161,0,4,4,0,1,0,0
2539,0,72,14,0,0,1,1
3316,0,72,18,0,0,0,0
1295,1,24,14,0,0,0,1
182,1,4,12,0,0,0,1
369,0,8,13,1,0,0,0
506,0,8,17,0,0,0,0
1154,1,24,31,1,0,0,1
682,0,24,15,1,0,1,0
1103,0,24,9,1,0,2,1
1042,0,24,15,0,0,1,0
1145,0,24,23,0,0,1,0
87,1,4,4,0,0,1,1
1219,1,24,17,1,1,1,2
193,0,4,8,0,0,0,0
1871,0,48,29,1,0,0,0
3696,0,72,29,1,1,0,1
120,1,4,5,0,0,2,2
249,0,4,15,1,0,2,1
1059,0,24,29,0,0,0,0
363,0,8,17,0,0,0,0
222,0,4,35,1,0,1,1
1363,0,48,8,0,0,0,0
316,1,4,22,0,0,0,1
385,1,4,19,0,1,1,2
1014,0,24,16,0,0,0,0
340,1,4,22,0,0,1,2
574,1,8,15,0,0,2,1
147,1,4,37,0,0,0,1
46,1,4,20,0,0,0,1
2602,0,48,10,1,1,2,2
143,0,4,19,0,0,0,0
463,1,8,16,0,1,2,2
619,1,8,24,0,0,0,1
498,1,8,34,1,0,1,1
159,1,4,26,0,1,1,2
223,0,4,34,0,0,0,0
2573,0,48,32,0,0,0,1
3337,1,72,26,0,0,1,2
540,0,8,11,0,0,2,0
441,1,4,31,0,0,2,2
175,0,4,9,0,0,2,1
578,1,8,17,0,0,0,0
119,1,4,8,0,0,0,1
635,0,8,15,0,0,2,0
441,1,8,9,1,0,1,1
3282,0,72,14,0,0,0,0
1125,1,24,6,0,0,0,1
294,0,8,19,0,0,1,0
1748,0,48,26,0,0,0,0
181,1,4,11,0,0,2,2
1105,0,24,35,1,0,0,0
128,1,4,27,0,0,1,2
320,1,4,24,0,0,0,1
153,0,4,24,1,0,2,2
137,0,4,17,1,1,2,2
1455,0,48,25,0,1,2,1
194,0,4,5,1,0,0,0
577,1,8,24,1,1,0,1
205,0,4,10,0,1,0,0
1915,0,48,15,0,0,2,1
658,0,24,24,1,0,2,1
470,1,8,27,0,1,2,2
306,1,4,15,1,0,1,2
576,0,8,30,1,1,0,0
3864,0,72,28,0,0,0,1
106,0,4,14,1,0,0,0
481,0,8,17,0,0,2,0
3244,0,72,12,1,0,1,1
4041,1,72,36,1,0,0,2
138,0,4,30,0,0,2,1
120,1,4,45,1,0,0,2
1347,0,48,7,1,0,1,0
48,1,4,23,0,0,2,2
469,1,8,5,0,1,1,1
422,0,8,20,1,0,0,0
105,1,4,23,0,0,1,2
160,0,4,25,0,0,1,1
582,1,8,16,0,0,0,0
564,1,8,11,0,0,2,1
461,1,8,30,0,0,1,1
1001,0,24,6,0,1,1,0
1460,0,48,9,1,0,0,0
617,0,24,34,0,1,0,0
139,1,4,31,1,0,2,2
2964,0,72,25,0,0,0,1
322,0,8,16,1,0,2,1
3523,0,72,14,1,0,1,1
372,0,4,10,0,0,1,0
227,1,4,20,0,0,1,1
195,1,4,13,1,0,0,1
1710,1,24,26,0,0,1,1
623,0,8,22,0,0,1,0
3197,0,72,11,0,0,2,1
132,0,4,9,0,0,0,0
395,1,4,20,1,1,1,2
452,0,8,28,1,1,0,0
3168,0,72,30,0,0,1,1
229,1,4,19,0,0,1,1
207,1,4,19,0,0,0,1
205,0,4,23,1,0,0,1
1309,0,48,15,0,0,1,0
190,0,4,9,0,0,1,0
1234,1,24,12,0,1,0,1
3327,0,72,20,0,0,2,1
95,1,4,10,0,0,1,1
3824,0,72,4,0,1,1,1
184,0,4,18,0,0,0,0
312,1,4,13,0,0,2,2
244,1,4,18,0,0,0,1
3554,0,72,35,0,0,2,2
99,0,4,22,0,0,0,0
240,1,4,11,0,1,2,2
1641,0,48,14,0,0,0,0
458,0,8,12,1,0,0,0
1062,0,24,4,1,0,0,0
56,0,4,11,0,0,0,0
1043,0,24,18,1,0,2,1
616,1,8,11,0,0,1,1
185,1,4,25,0,0,1,2
243,1,4,24,1,1,1,2
422,0,8,24,0,1,1,0
506,1,8,11,0,0,0,0
446,0,8,39,0,0,1,0
266,1,4,18,1,1,2,2
200,0,4,6,0,0,1,0
336,1,4,25,0,0,2,2
609,1,8,11,0,0,2,1
114,0,4,14,0,0,2,1
99,0,4,17,0,0,0,0
603,0,8,16,1,0,0,0
3210,0,72,15,0,0,2,1
3060,1,48,13,0,1,2,2
525,0,8,38,0,0,0,0
448,1,8,9,0,0,0,0
420,0,8,32,0,0,1,0
389,1,4,25,1,0,0,2
509,1,8,19,0,0,1,1
135,0,4,31,1,0,0,1
499,1,4,28,0,0,2,2
316,1,4,30,0,0,0,1
1170,0,24,42,1,0,0,0
378,1,8,12,0,1,0,1
325,1,4,35,0,0,0,1
44,0,4,22,1,0,1,1
1227,0,24,7,0,0,2,1
104,1,4,4,0,0,1,1
239,1,4,18,0,0,0,1
127,0,4,10,0,0,2,1
249,0,4,15,1,0,2,1
40,0,4,22,0,1,1,1
80,0,4,30,0,0,0,0
628,0,8,24,0,0,0,0
1437,0,48,20,0,0,2,1
377,0,8,20,0,0,1,0
478,1,8,45,1,0,2,2
1219,0,24,7,0,0,1,0
426,0,8,11,1,1,0,0
4286,0,72,43,0,1,0,1
210,1,4,21,0,0,0,1
37,0,4,26,0,1,1,1
3603,0,72,11,0,1,1,1
635,0,24,16,1,0,0,0
75,0,4,13,0,0,1,0
1239,0,24,5,0,0,0,0
1579,0,48,12,1,0,0,0
553,0,8,3,0,0,2,0
46,1,4,24,0,0,0,1
96,1,4,14,0,0,2,2
416,0,8,12,1,0,0,0
431,1,8,11,0,0,0,0
422,0,8,10,0,0,0,0
71,1,4,35,1,0,1,2
493,1,8,4,0,0,1,1
144,1,4,22,0,0,0,1
3955,0,72,15,0,1,0,1
1121,0,24,9,0,0,0,0
1198,0,48,33,0,0,0,0
309,1,4,13,1,1,1,2
415,1,8,22,0,0,1,1
66,0,4,25,0,0,1,1
119,0,4,17,1,0,2,1
1178,0,48,17,0,0,2,1
863,0,24,9,1,0,0,0
234,0,4,39,1,0,2,2
1221,1,24,10,0,0,2,2
73,1,4,33,1,0,0,2
421,0,8,8,1,0,1,0
201,1,4,23,0,0,0,1
184,0,4,37,0,1,0,1
125,0,4,18,0,0,1,0
222,1,4,32,0,0,2,2
2706,0,48,20,1,0,1,1
603,0,8,12,0,0,0,0
161,1,4,22,1,0,2,2
363,0,8,7,1,0,0,0
207,1,4,10,0,1,0,1
433,0,8,13,0,1,0,0
679,1,8,44,0,0,0,1
2783,0,72,23,0,0,2,2
536,1,8,11,0,0,0,0
110,0,4,24,0,0,2,1
268,0,4,16,1,0,1,1
2382,0,48,7,0,0,2,1
1182,1,24,13,0,0,1,1
1493,0,48,43,0,0,0,0
587,0,8,19,1,0,1,0
3529,0,72,36,0,0,1,1
426,1,8,15,1,0,1,1
428,1,4,9,0,0,0,1
354,0,4,8,1,1,0,1
3117,0,72,27,0,0,1,1
1330,0,48,37,1,1,1,1
365,0,8,35,0,0,0,0
3167,0,72,2,0,0,2,1
1479,0,48,8,0,0,0,0
255,0,4,8,0,0,0,0
100,1,4,2,1,0,1,2
3312,0,72,4,0,0,2,1
241,1,4,31,0,0,1,2
1271,0,24,11,1,0,0,0
3674,1,48,9,0,0,0,1
207,0,4,15,1,0,0,0
1421,0,48,39,1,0,0,0
302,1,4,25,0,0,0,1
332,1,4,11,0,0,0,1
574,1,8,40,1,0,1,1
2700,0,72,43,1,0,1,1
220,0,4,35,0,0,1,1
211,1,4,7,1,1,0,2
358,0,4,10,1,0,2,1
472,1,8,1,1,0,0,1
425,1,4,21,0,0,2,2
3649,0,72,9,1,0,0,1
816,0,24,37,0,0,0,0
335,1,4,18,0,0,0,1
505,0,8,25,0,0,2,1
394,1,4,37,0,1,2,2
2407,0,72,31,0,0,0,1
63,1,4,23,0,0,0,1
385,1,4,7,0,0,0,1
498,0,8,34,0,0,0,0
461,1,8,42,0,0,1,1
459,0,8,13,0,0,1,0
183,1,4,43,0,0,1,2
11,0,4,22,1,0,2,2
3135,1,48,11,1,0,2,2
137,0,4,16,0,1,2,1
211,0,4,11,0,0,1,0
28,0,4,38,0,0,0,0
1492,0,48,18,0,0,1,0
2823,0,72,22,0,0,1,1
381,0,8,6,1,1,0,0
1477,0,48,14,0,0,1,0
173,1,4,12,0,0,1,1
559,0,8,39,1,0,2,1
618,0,8,17,0,0,0,0
43,0,4,23,0,0,0,0
1132,1,24,26,0,0,0,1
180,0,4,23,0,0,1,1
2964,0,72,17,1,0,0,1
71,1,4,9,0,0,0,1
220,0,4,16,0,0,0,0
332,1,4,12,1,0,0,1
2642,0,48,12,1,0,0,1
171,0,4,38,1,0,0,1
589,1,8,19,0,1,0,1
364,0,8,13,0,0,0,0
421,0,8,29,0,0,2,1
601,1,8,16,0,0,2,1
332,0,8,33,0,1,2,1
329,0,4,22,0,1,0,1
1235,0,24,2,1,1,0,0
404,1,8,19,1,0,0,1
286,1,4,16,1,0,0,1
735,1,8,29,0,1,0,1
432,0,8,4,0,0,1,0
105,1,4,47,0,0,0,1
228,0,4,23,1,0,1,1
184,0,4,9,0,0,0,0
2627,0,72,37,0,0,1,1
618,1,8,4,0,0,0,0
2458,0,72,10,0,0,0,0
544,1,8,28,0,0,0,1
416,0,8,7,0,0,0,0
3871,1,72,29,0,0,0,2
1179,1,24,25,0,0,2,2
223,1,4,36,0,0,2,2
439,1,8,25,0,0,0,1
213,0,4,12,1,0,2,1
287,1,4,19,0,0,2,2
1264,1,24,27,0,0,1,1
234,0,4,22,0,1,1,1
372,0,8,35,0,0,2,1
67,0,4,18,0,0,0,0
955,1,24,29,0,0,0,1
244,0,4,16,0,0,1,0
496,0,8,21,0,0,2,1
501,0,8,33,0,0,1,0
440,0,8,16,0,0,1,0
247,0,4,12,0,0,2,1
1098,0,24,25,0,0,0,0
82,0,4,3,0,0,0,0
3630,0,72,5,0,0,0,0
34,0,4,8,1,1,0,1
105,1,4,20,0,0,0,1
146,0,4,7,1,0,0,0
14,0,4,19,0,0,0,0
2931,0,72,18,0,0,2,1
387,1,4,29,0,0,0,1
2323,0,48,29,0,1,2,2
381,0,8,13,0,0,0,0
370,1,4,5,0,0,2,2
465,1,8,26,0,0,1,1
3445,0,72,25,0,0,0,1
215,1,4,25,1,0,1,2
3215,0,72,27,0,0,1,1
263,1,4,6,1,1,0,2
264,0,4,11,0,1,0,0
167,1,4,19,0,1,1,2
603,1,8,9,1,0,0,1
131,1,4,11,0,0,2,2
520,1,8,8,0,0,0,0
295,0,4,13,1,0,0,0
228,0,4,14,0,1,0,0
152,1,4,13,0,0,1,1
3578,0,72,33,0,0,0,1
592,1,8,33,0,0,0,1
222,0,4,45,0,0,2,1
221,0,4,34,0,0,0,0
1881,0,48,18,1,0,0,0
1099,0,24,21,0,0,1,0
247,1,4,25,0,0,2,2
1274,0,24,26,0,0,0,0
3139,0,72,8,0,0,2,1
490,0,8,12,0,0,2,0
150,0,4,26,1,0,0,1
253,1,4,6,0,1,0,1
427,1,4,26,1,0,0,2
231,0,4,11,1,1,1,1
152,0,4,33,0,0,0,0
152,1,4,29,0,0,0,1
276,0,4,26,0,1,2,2
291,0,8,10,0,0,2,0
1610,0,48,11,0,0,0,0
487,0,8,30,1,0,1,0
257,0,4,36,1,0,0,1
153,0,4,11,0,0,1,0
1346,0,48,38,0,0,1,0
212,1,4,8,0,0,1,1
163,0,4,15,0,0,0,0
364,1,4,24,0,0,1,2
244,1,4,35,1,0,1,2
1313,1,24,42,0,0,1,1
3564,0,72,10,0,0,0,0
501,0,8,27,1,1,0,0
151,0,4,14,0,0,0,0
1535,0,48,37,1,0,0,0
1601,1,24,24,1,0,1,2
58,0,4,44,1,0,0,1
738,0,8,22,1,0,1,0
208,0,4,9,0,0,1,0
252,0,4,33,0,0,1,1
253,0,4,33,1,0,0,1
245,0,4,23,0,0,0,0
107,0,4,6,0,0,0,0
2942,0,72,13,0,0,2,1
156,0,4,16,0,0,2,1
518,1,8,26,0,0,0,1
101,0,4,19,0,0,0,0
461,1,4,9,1,0,0,1
3264,0,72,43,1,0,1,1
2454,0,48,13,0,0,0,0
511,0,8,30,1,0,1,0
1829,0,48,27,0,0,2,1
286,0,4,15,1,0,0,0
68,1,4,17,0,0,1,1
187,0,4,7,0,0,0,0
1296,0,24,8,0,0,1,0
1070,0,24,19,0,0,0,0
1377,0,48,17,0,0,0,0
606,1,8,7,0,0,1,1
4214,0,72,27,1,0,2,2
3726,1,72,34,0,1,0,2
85,0,4,45,0,1,0,1
1502,1,24,34,0,0,1,1
124,1,4,7,0,0,1,1
447,0,8,8,1,0,0,0
286,0,4,15,0,0,2,1
226,1,4,15,0,0,0,1
3523,0,72,7,0,1,1,1
163,0,4,13,0,0,1,0
233,0,4,26,0,0,1,1
214,1,4,11,1,0,1,2
107,0,4,11,0,0,1,0
172,0,4,32,0,0,1,1
682,1,8,38,1,0,0,1
227,1,4,10,0,0,1,1
582,0,8,23,0,0,1,0
2976,0,72,9,0,0,0,0
272,0,4,34,0,0,0,0
82,0,4,35,0,0,1,1
1080,0,24,30,1,0,1,1
1217,1,24,22,0,0,0,1
882,1,8,19,0,0,0,1
294,0,4,5,0,0,0,0
170,0,4,7,0,1,0,0
569,0,24,22,1,1,1,1
340,0,8,29,0,0,1,0
441,1,4,5,0,0,2,2
1554,1,24,35,0,0,1,1
506,0,8,18,1,0,0,0
2913,0,48,14,0,1,1,1
3170,0,72,14,0,0,2,1
1607,0,48,8,0,0,1,0
342,1,4,19,1,0,0,1
309,0,4,38,0,1,2,2
1778,0,48,14,0,0,0,0
196,0,4,4,1,0,1,1
1167,1,24,17,0,1,0,1
689,0,24,35,1,1,1,1
226,1,4,23,0,0,0,1
376,1,4,31,0,0,0,1
44,1,4,9,0,0,2,2
1065,0,24,10,0,1,0,0
151,1,4,2,1,0,0,1
513,0,8,42,0,0,1,0
146,1,4,12,0,0,1,1
553,0,8,18,0,1,0,0
362,0,8,13,0,0,0,0
190,0,4,24,0,1,0,1
286,0,4,26,0,1,1,1
517,0,8,11,0,0,0,0
844,0,24,17,0,1,1,0
406,0,8,9,0,0,1,0
463,0,8,5,1,0,1,0
523,0,8,9,0,0,0,0
115,1,4,11,1,0,2,2
196,1,4,19,1,0,2,2
466,0,8,45,0,0,1,0
3004,1,48,27,0,0,1,2
163,1,4,47,1,0,0,2
1915,1,48,7,0,0,0,1
333,1,4,31,1,0,0,2
25,0,4,7,1,0,1,1
80,0,4,14,0,0,0,0
1886,1,48,47,0,0,1,1
1514,0,48,18,0,0,2,1
133,0,4,13,0,0,0,0
139,0,4,6,0,0,1,0
509,1,8,24,0,0,2,2
471,1,8,32,0,0,0,1
203,0,4,41,0,0,1,1
84,1,4,28,0,0,1,2
251,1,4,12,0,0,1,1
1731,0,48,27,1,1,1,1
244,0,4,17,0,0,2,1
1118,1,24,7,0,0,0,1
383,0,8,36,1,0,0,0
3305,0,72,13,1,0,1,1
418,0,8,7,0,0,0,0
473,1,8,25,0,0,0,1
391,0,8,16,0,0,1,0
468,1,8,25,0,0,0,1
1393,1,24,39,1,0,1,2
189,0,4,36,0,0,0,0
257,0,4,17,0,0,1,0
266,1,4,32,0,0,0,1
560,1,8,25,1,1,2,2
265,0,4,27,1,0,0,1
1615,0,48,9,0,0,1,0
599,0,8,27,0,0,2,1
3045,1,48,6,1,0,2,2
3718,0,72,11,0,0,0,0
902,0,24,6,0,0,0,0
280,0,4,15,1,0,0,0
2961,1,48,44,0,0,0,2
105,0,4,12,0,0,1,0
1756,0,48,22,1,0,2,1
1450,1,24,10,1,0,0,1
114,0,4,7,0,0,1,0
1263,1,24,42,0,0,0,1
363,0,8,28,0,0,1,0
75,0,4,19,0,1,2,1
2810,1,48,13,0,0,0,1
955,0,24,20,0,0,1,0
274,0,4,11,0,0,0,0
774,1,8,9,0,0,0,0
3976,1,72,5,0,0,0,1
126,0,4,11,0,0,2,1
106,0,4,19,0,0,1,0
132,1,4,15,0,0,0,1
3031,1,48,9,0,0,1,2
219,0,4,32,0,0,1,1
2916,0,48,4,0,0,0,0
134,0,4,21,0,0,0,0
151,1,4,42,0,0,1,2
419,0,8,21,0,0,2,1
273,0,4,9,1,0,2,1
84,0,4,25,0,0,0,0
681,0,24,38,1,0,2,1
4036,0,72,3,0,0,0,0
77,1,4,35,1,1,0,2
196,1,4,34,0,0,0,1
3575,0,72,10,0,0,0,0
1476,0,48,14,1,0,0,0
234,0,4,11,1,1,2,2
837,1,24,11,0,0,0,1
405,0,8,9,0,0,0,0
634,0,24,23,0,0,0,0
699,0,24,11,0,0,0,0
557,0,8,27,0,0,0,0
359,0,8,25,0,0,2,1
1258,0,24,29,0,0,2,1
342,0,4,9,0,1,0,0
632,1,8,28,0,0,0,1
332,1,4,11,0,0,1,1
386,0,8,26,1,0,0,0
1567,0,48,22,0,0,0,0
76,0,4,19,0,0,1,0
2238,0,48,18,0,0,0,0
2585,1,48,9,1,0,2,2
1110,1,24,32,0,0,0,1
248,0,4,37,1,0,2,2
162,0,4,9,0,1,2,1
32,0,4,21,0,0,0,0
286,1,4,33,0,0,0,1
72,0,4,37,0,0,0,0
63,0,4,17,0,0,1,0
376,0,8,9,1,1,1,0
298,0,4,15,1,1,0,1
1144,1,24,21,1,0,0,1
1252,0,24,27,0,0,2,1
1712,0,48,6,0,0,0,0
316,1,4,30,0,0,1,2
1727,0,48,40,0,1,0,0
1166,1,24,45,1,1,1,2
683,0,24,32,1,0,2,1
268,0,4,16,0,0,2,1
122,0,4,31,0,0,1,1
619,1,8,11,0,0,2,1
169,0,4,5,0,0,0,0
1320,0,48,8,0,0,1,0
219,0,4,30,1,0,2,2
252,0,4,31,0,0,1,1
189,0,4,16,1,0,1,1
260,0,4,37,1,0,1,1
328,1,4,8,0,0,1,1
32,1,4,16,0,0,1,1
336,1,4,21,1,0,0,2
347,1,4,9,1,0,1,2
137,1,4,26,0,0,0,1
440,1,4,7,0,0,1,1
3430,0,72,17,1,1,1,1
259,0,4,27,0,0,2,1
286,1,4,7,0,0,1,1
61,0,4,8,0,0,2,1
1295,1,24,37,1,0,1,2
456,0,8,20,0,1,0,0
343,0,4,24,0,0,2,1
1879,0,48,25,0,0,0,0
3018,1,48,10,0,0,0,1
561,0,8,34,1,0,1,0
205,0,4,18,0,0,2,1
505,0,8,29,1,1,0,0
983,0,24,11,1,0,0,0
416,0,8,28,1,0,0,0
392,0,8,17,0,0,0,0
509,0,8,26,1,0,2,1
464,1,8,8,0,0,2,1
176,0,4,26,0,0,2,1
426,0,8,24,0,0,0,0
227,0,4,28,0,0,2,1
262,1,4,22,0,0,1,2
425,0,8,29,0,0,0,0
18,0,4,23,0,0,0,0
1786,0,48,5,0,0,0,0
1626,0,48,18,0,0,0,0
71,0,4,26,0,0,0,0
1688,0,48,22,1,1,0,1
747,1,8,25,0,1,0,1
333,0,4,15,1,0,0,0
472,0,8,29,0,1,2,1
114,0,4,31,0,0,0,0
411,0,8,23,0,0,1,0
202,1,4,33,1,0,1,2
3280,0,72,10,0,1,2,2
236,0,4,9,0,0,0,0
252,0,4,13,0,0,2,1
2781,1,48,14,0,0,2,2
3044,0,72,23,1,0,0,1
463,0,8,16,1,0,2,1
285,0,8,18,1,1,0,0
154,1,4,11,1,0,0,1
2879,0,72,22,0,0,0,1
376,0,8,2,0,0,1,0
624,0,8,18,0,0,1,0
194,0,4,33,0,0,1,1
431,1,8,11,0,0,1,1
908,0,24,15,1,0,0,0
260,1,4,35,0,0,0,1
428,1,8,11,0,0,0,0
2925,0,72,13,0,1,0,1
297,0,4,32,0,0,1,1
472,1,8,33,0,0,1,1
176,1,4,26,0,0,2,2
471,0,8,19,0,1,0,0
1540,0,48,6,1,0,0,0
71,0,4,24,0,0,2,1
1422,0,24,12,0,0,2,1
595,1,8,5,0,0,0,0
1733,1,24,48,1,0,1,2
449,0,8,11,0,1,0,0
67,1,4,12,1,0,1,2
73,1,4,21,0,1,2,2
441,1,4,41,1,0,1,2
1668,0,48,34,1,0,0,0
256,0,4,15,0,0,0,0
352,1,4,12,0,0,2,2
216,1,4,26,1,0,1,2
199,1,4,13,0,1,2,2
67,0,4,13,1,0,1,1
348,1,4,30,1,0,2,2
635,0,8,7,1,0,2,1
1210,0,24,15,0,1,0,0
242,0,4,16,1,0,0,0
330,1,4,23,1,0,2,2
223,0,4,38,0,0,0,0
3791,0,72,25,0,0,1,1
99,0,4,10,0,0,0,0
3156,0,72,12,0,0,1,1
1392,1,24,27,0,0,0,1
324,0,8,11,0,0,1,0
1765,1,48,12,0,0,2,2
136,0,4,24,1,1,1,1
1561,0,48,21,0,1,0,0
1331,1,24,27,0,0,1,1
686,0,8,17,0,1,1,0
3336,0,72,3,0,0,0,0
442,0,8,16,1,0,0,0
112,0,4,12,0,0,0,0
356,0,8,15,0,1,0,0
162,0,4,22,0,0,2,1
299,1,4,14,0,0,0,1
330,0,8,39,0,0,0,0
134,0,4,28,0,1,1,1
1229,1,24,22,1,0,2,2
4001,0,72,4,1,0,1,1
265,0,4,13,0,0,0,0
240,1,4,2,0,0,0,1
72,0,4,10,1,0,0,0
450,0,8,11,0,0,1,0
2575,0,72,16,0,0,2,1
55,0,4,3,0,0,1,0
325,0,8,9,1,0,0,0
1369,0,24,7,0,0,1,0
1810,0,48,48,0,0,1,0
532,0,8,12,0,0,0,0
529,0,8,27,1,0,2,1
443,0,8,25,0,0,1,0
1215,0,24,6,0,0,0,0
3141,1,48,30,0,0,0,2
1195,0,24,9,1,1,0,0
686,0,24,38,0,0,1,0
1330,0,48,41,0,0,0,0
1831,0,48,31,0,0,0,0
154,0,4,13,0,1,0,0
547,0,8,16,0,0,2,0
9,0,4,13,0,0,2,1
1350,0,48,9,1,1,0,0
168,0,4,19,1,0,0,0
353,0,8,31,1,0,1,0
652,1,8,9,0,0,1,1
3913,1,72,16,1,0,0,2
473,0,8,7,0,0,2,0
1466,0,48,26,0,0,2,1
2716,1,48,11,0,1,1,2
2693,0,72,10,1,0,1,1
421,0,8,29,0,0,0,0
584,1,8,37,0,0,0,1
78,0,4,44,0,0,0,0
2752,0,72,8,0,0,0,0
1184,1,24,15,1,0,1,1
348,0,4,29,0,0,0,0
37,0,4,23,0,0,2,1
452,0,8,2,1,0,0,0
397,0,8,12,0,1,0,0
170,0,4,13,0,0,0,0
344,1,4,34,0,0,2,2
579,0,8,23,0,0,0,0
1165,1,24,24,0,0,0,1
348,0,8,18,1,0,2,1
126,0,4,11,1,0,2,1
272,1,4,42,1,0,2,2
1420,0,48,43,0,0,1,0
275,1,4,8,0,0,1,1
1100,0,24,13,0,0,1,0
429,1,4,11,1,0,2,2
241,1,4,31,1,0,0,2
1358,1,24,13,0,0,0,1
125,1,4,7,1,0,2,2
318,0,8,6,0,1,0,0
3423,1,48,17,0,1,0,2
1616,0,48,38,1,0,2,1
146,0,4,22,0,0,0,0
242,0,4,11,1,0,1,1
464,0,8,42,0,0,0,0
355,0,8,27,0,0,0,0
186,0,4,27,0,0,0,0
435,0,8,30,0,1,0,0
66,0,4,19,0,0,0,0
3423,1,48,11,1,0,1,2
356,0,8,25,0,0,2,1
192,0,4,15,0,0,0,0
415,1,4,11,1,0,0,1
94,1,4,28,0,1,1,2
349,0,4,11,0,0,0,0
220,1,4,15,0,0,0,1
274,1,4,9,0,0,0,1
4066,0,72,8,0,0,1,1
159,0,4,44,0,0,1,1
194,0,4,6,0,0,0,0
2892,0,72,11,0,0,0,0
290,1,4,12,0,0,2,2
149,0,4,4,0,0,0,0
122,0,4,13,0,0,2,1
1036,0,24,11,0,0,1,0
433,1,8,8,0,0,1,1
1055,0,24,5,0,0,0,0
916,0,24,19,1,0,0,0
112,1,4,4,0,0,1,1
1327,0,48,30,0,0,0,0
1231,1,24,9,0,0,1,1
99,1,4,12,0,0,0,1
631,1,8,29,1,0,0,1
81,0,4,7,1,1,0,1
139,0,4,13,1,0,0,0
373,1,4,25,0,0,0,1
178,0,4,13,0,0,0,0
359,0,8,5,0,1,1,0
1274,1,24,32,0,0,0,1
486,0,8,35,0,0,0,0
2871,0,72,23,1,0,2,2
65,0,4,44,1,0,0,1
599,0,8,11,0,0,0,0
937,0,24,12,0,0,0,0
631,1,8,32,0,1,2,2
347,0,8,5,0,0,2,0
1368,1,24,38,0,0,0,1
1358,1,24,30,0,0,0,1
1728,0,48,13,0,0,2,1
113,0,4,9,0,0,2,1
1214,1,24,7,0,0,2,2
234,0,4,33,0,0,1,1
262,0,4,28,0,0,1,1
1176,0,24,12,0,0,0,0
278,0,4,10,1,0,2,1
39,0,4,6,0,0,0,0
137,0,4,16,1,0,1,1
1677,1,48,36,0,0,0,1
329,1,4,35,1,1,0,2
135,0,4,21,0,0,0,0
497,0,8,33,1,0,1,0
2719,1,48,42,1,0,2,2
3179,0,72,39,0,0,0,1
115,0,4,23,0,0,0,0
332,0,4,30,1,0,0,1
457,1,4,25,0,0,2,2
989,0,24,35,1,0,0,0
32,0,4,4,0,0,2,1
1483,0,48,22,0,0,2,1
1134,0,48,21,1,0,0,0
178,1,4,24,0,0,1,2
1519,1,24,21,1,0,1,2
69,1,4,6,0,0,0,1
293,1,4,9,1,1,1,2
187,1,4,8,0,0,1,1
157,0,4,21,0,0,0,0
298,0,4,13,0,0,1,0
1320,0,48,7,1,0,1,0
197,0,4,42,1,0,0,1
321,1,4,26,0,0,2,2
230,0,4,10,0,0,0,0
354,1,4,31,1,0,0,2
1229,0,24,39,0,0,2,1
3233,0,72,14,1,0,2,2
452,1,4,32,0,0,0,1
404,1,4,14,0,0,0,1
3423,0,72,31,1,0,1,1
356,0,4,20,0,0,2,1
425,1,8,23,0,0,0,1
112,0,4,5,0,0,1,0
315,0,4,3,0,1,0,0
513,0,8,13,0,1,1,0
179,1,4,26,0,0,0,1
468,1,8,36,1,0,0,1
93,1,4,6,0,0,0,1
200,0,4,41,0,0,1,1
64,0,4,39,1,0,0,1
306,1,4,42,0,0,0,1
54,0,4,37,1,1,0,1
490,0,8,27,0,0,1,0
114,0,4,12,0,0,0,0
1176,0,24,5,1,0,1,0
251,1,4,20,1,0,1,2
346,1,4,18,0,1,0,1
1541,0,48,24,0,0,1,0
1267,1,24,22,1,0,0,1
157,1,4,30,0,0,0,1
68,0,4,36,0,0,2,1
475,1,4,16,1,0,1,2
435,1,4,38,1,1,2,2
2600,0,72,21,0,0,1,1
487,0,8,26,0,0,2,1
365,0,8,21,0,0,0,0
332,0,8,5,0,0,0,0
1614,1,48,12,1,0,0,1
636,0,8,36,0,0,0,0
187,0,4,20,0,0,0,0
75,0,4,4,0,0,0,0
3533,0,72,48,0,0,0,1
122,0,4,46,0,0,0,0
301,0,8,6,1,1,1,0
94,0,4,43,0,0,0,0
328,1,4,19,1,0,0,1
464,0,8,40,1,0,2,1
491,1,8,10,0,0,2,1
3006,0,72,21,1,0,1,1
247,0,4,33,0,0,1,1
423,0,8,6,0,1,1,0
186,0,4,9,0,0,2,1
202,0,4,30,1,0,1,1
511,0,8,9,1,0,1,0
1289,1,24,18,0,0,0,1
163,0,4,28,0,1,2,2
302,1,4,8,1,0,2,2
1298,0,24,25,1,0,2,1
306,0,4,30,0,0,0,0
129,0,4,5,1,1,2,2
1543,1,48,18,0,0,2,2
288,0,8,34,1,0,0,0
338,0,4,18,0,0,2,1
216,0,4,15,0,0,2,1
1403,1,24,12,1,0,0,1
1318,0,24,9,0,0,2,1
609,0,8,22,0,0,1,0
329,0,4,26,1,0,0,1
1529,1,24,14,1,0,1,1
1169,0,48,31,0,0,0,0
124,0,4,37,0,0,1,1
318,1,4,44,0,0,0,1
1406,0,48,9,0,1,0,0
386,0,8,15,0,0,1,0
66,1,4,28,0,0,0,1
364,0,8,41,1,0,0,0
1023,0,24,16,0,0,0,0
1301,1,24,37,0,0,0,1
140,1,4,17,0,0,0,1
184,0,4,20,1,1,2,2
1445,0,48,18,1,0,0,0
1211,0,48,19,0,0,1,0
342,0,8,14,0,0,2,0
524,1,8,5,0,0,0,0
368,0,8,10,1,0,1,0
124,0,4,8,0,0,0,0
3115,0,72,25,0,0,0,1
791,0,24,29,0,0,1,0
3026,0,72,17,0,1,0,1
588,1,8,36,0,0,0,1
301,0,4,34,0,0,0,0
1069,1,24,24,0,0,0,1
142,0,4,25,0,0,0,0
2953,1,48,38,0,0,0,2
154,1,4,13,0,1,1,2
3185,0,72,14,0,0,1,1
1611,1,24,9,0,0,1,1
518,0,8,12,0,0,2,0
98,0,4,26,0,1,1,1
33,0,4,19,0,0,0,0
106,1,4,12,0,0,0,1
427,1,4,4,0,0,0,1
665,0,8,31,0,0,0,0
495,0,8,12,0,0,1,0
346,0,8,13,0,0,1,0
1699,0,48,18,0,0,0,0
472,1,8,19,1,0,1,1
521,0,8,24,0,0,2,1
243,0,4,14,0,0,1,0
1053,0,24,40,0,0,1,0
179,0,4,5,0,0,0,0
1364,1,24,31,1,0,0,1
699,0,24,28,0,0,1,0
226,1,4,6,0,1,0,1
636,0,8,10,0,0,1,0
177,0,4,13,1,1,0,1
194,0,4,30,1,0,0,1
98,0,4,39,0,0,0,0
619,0,8,15,0,0,1,0
1004,0,24,32,1,0,0,0
656,0,8,12,0,0,1,0
239,1,4,15,0,1,0,1
1257,0,24,8,1,0,1,0
1504,0,48,18,0,0,0,0
321,1,4,7,1,0,0,1
1185,0,24,9,0,0,1,0
1287,0,48,42,1,0,2,1
295,0,4,23,0,0,1,1
1304,0,24,19,0,0,1,0
253,0,4,22,1,0,0,1
1736,0,48,9,1,0,0,0
223,1,4,29,1,0,2,2
282,0,4,16,1,0,0,0
2521,0,48,39,0,0,0,1
132,0,4,43,0,0,0,0
2253,1,48,14,0,1,0,2
3211,0,72,24,0,0,1,1
325,0,4,10,1,0,2,1
2229,0,48,20,0,1,1,1
157,0,4,29,0,0,2,1
171,0,4,28,1,0,0,1
728,0,24,21,0,0,0,0
212,0,4,10,1,1,1,1
1396,0,48,16,1,0,0,0
323,0,8,9,1,1,1,0
944,1,8,20,1,0,2,2
1645,0,48,17,0,0,1,0
3706,1,48,15,0,0,1,2
455,0,8,41,1,0,2,1
1188,0,48,6,1,0,0,0
572,0,24,20,0,0,1,0
413,0,8,33,0,0,0,0
295,0,4,27,0,0,0,0
2599,0,48,17,0,0,0,0
127,0,4,9,0,0,0,0
415,1,4,9,1,0,0,1
95,0,4,36,1,1,2,2
258,0,4,17,1,0,2,1
529,0,8,23,0,0,1,0
179,0,4,35,0,0,1,1
2806,0,72,26,1,0,0,1
138,1,4,5,0,1,0,1
210,0,4,18,0,0,0,0
591,0,24,10,0,0,1,0
407,0,8,18,0,0,0,0
620,0,8,38,1,0,2,1
2868,0,48,13,0,0,0,0
201,0,4,15,1,0,0,0
673,0,24,16,0,0,0,0
455,0,8,43,0,1,2,1
308,0,4,18,1,1,1,1
384,1,4,21,0,1,0,2
1625,0,48,27,0,0,0,0
617,1,8,36,0,0,0,1
408,1,8,10,1,0,1,1
200,0,4,8,0,0,0,0
364,0,8,15,0,1,0,0
608,0,8,39,0,0,0,0
465,0,8,18,0,0,0,0
73,0,4,17,0,0,0,0
108,0,4,32,0,0,1,1
54,0,4,36,0,1,2,2
1002,0,24,26,0,0,0,0
155,1,4,36,0,1,0,2
1475,1,24,29,1,0,0,1
323,1,4,11,1,0,2,2
121,0,4,29,0,0,0,0
642,0,8,24,1,1,0,0
390,0,8,33,1,0,0,0
291,0,4,35,1,1,2,2
139,1,4,19,1,0,0,1
1230,0,48,26,0,0,0,0
334,1,4,47,0,0,1,2
354,0,8,39,1,0,0,0
189,0,4,16,0,0,0,0
130,0,4,9,0,0,2,1
172,0,4,17,0,0,0,0
1005,0,24,11,0,0,2,1
484,0,8,4,1,0,2,1
252,1,4,17,0,1,0,1
353,1,4,26,0,0,1,2
1394,0,48,11,0,0,0,0
202,0,4,17,1,0,0,0
142,1,4,23,0,0,2,2
246,1,4,11,0,0,0,1
491,0,8,28,0,0,0,0
358,1,4,19,0,0,2,2
2697,0,72,13,0,0,0,0
331,1,4,9,0,0,0,1
3845,0,72,18,0,1,2,2
180,1,4,5,0,0,1,1
99,0,4,28,0,0,1,1
70,0,4,12,1,0,2,1
177,0,4,11,1,0,0,0
605,0,8,11,0,0,0,0
1431,0,24,34,0,0,0,0
464,0,8,24,0,0,0,0
279,0,4,26,1,0,2,2
160,1,4,40,0,0,0,1
157,1,4,30,1,0,2,2
520,1,8,26,0,0,2,2
965,0,24,5,0,0,0,0
124,0,4,7,1,1,0,1
1298,1,24,24,1,0,0,1
326,0,8,28,0,0,0,0
1234,0,24,29,0,0,0,0
313,1,4,9,0,0,1,1
3740,1,72,15,1,0,1,2
2759,1,48,3,0,0,0,1
531,0,8,12,0,0,2,0
416,0,8,16,1,0,2,1
286,0,8,22,0,0,1,0
332,0,4,14,0,0,0,0
278,0,4,23,1,0,1,1
1238,0,48,7,0,0,0,0
353,0,8,15,0,0,0,0
189,0,4,12,0,0,0,0
54,1,4,33,0,1,1,2
660,0,8,5,0,0,0,0
336,1,4,9,0,0,1,1
987,0,24,11,0,0,0,0
240,0,4,11,0,0,1,0
925,0,24,35,0,1,0,0
465,1,8,22,1,0,0,1
142,0,4,34,1,0,1,1
87,0,4,34,0,0,2,1
624,0,24,6,0,1,1,0
141,1,4,37,0,0,0,1
248,0,4,16,0,1,2,1
124,0,4,7,1,0,0,0
161,0,4,17,1,0,2,1
154,1,4,9,0,0,0,1
367,0,8,24,1,0,2,1
127,0,4,37,0,0,1,1
1591,0,48,7,0,0,0,0
397,0,8,16,0,0,1,0
326,1,4,13,0,0,1,1
2871,1,48,26,0,0,0,2
175,1,4,14,1,0,0,1
1257,0,48,14,0,0,0,0
108,1,4,12,0,0,1,1
295,1,4,21,0,0,2,2
358,1,4,20,0,0,1,1
156,0,4,16,0,0,2,1
862,0,24,31,0,0,0,0
1475,0,48,4,0,1,1,0
407,1,4,7,0,0,0,1
1024,1,24,17,0,1,1,1
1282,0,24,2,0,0,1,0
100,1,4,21,0,0,2,2
1297,0,48,26,0,1,1,1
1200,1,24,18,0,0,0,1
192,1,4,27,0,0,0,1
79,0,4,8,0,0,0,0
346,0,8,27,0,0,1,0
472,1,8,13,1,1,2,2
287,1,4,14,0,0,2,2
469,0,8,31,0,0,2,1
2784,1,48,33,0,0,1,2
1046,0,24,15,0,0,0,0
1448,1,24,28,0,0,1,1
1720,0,48,20,0,0,0,0
3852,0,72,22,0,0,0,1
134,1,4,9,1,0,1,2
209,1,4,15,0,0,0,1
105,0,4,6,0,0,1,0
108,0,4,11,0,0,0,0
254,1,4,8,1,0,2,2
401,0,8,6,0,0,1,0
648,0,8,21,0,0,0,0
585,0,8,5,1,0,1,0
570,0,8,28,0,0,0,0
92,0,4,29,1,0,2,2
205,1,4,20,0,0,0,1
598,0,8,13,1,0,0,0
47,0,4,32,1,1,1,1
555,0,8,10,0,0,0,0
1206,1,24,31,1,0,1,2
131,0,4,23,0,0,2,1
946,1,24,16,0,0,2,2
2465,0,48,6,1,0,2,2
313,0,8,28,0,0,2,1
1707,0,48,9,0,0,1,0
459,0,8,11,0,0,0,0
88,0,4,22,0,0,1,1
1392,0,24,23,0,0,0,0
1498,1,24,8,0,0,1,1
593,0,24,22,0,0,0,0
2658,0,48,40,0,0,2,2
215,0,4,13,0,0,2,1
210,0,4,13,1,0,2,1
60,0,4,7,0,0,1,0
139,0,4,25,1,0,2,2
85,0,4,6,0,0,0,0
157,1,4,31,1,0,0,2
649,0,24,8,1,0,2,1
177,0,4,26,1,0,1,1
212,0,4,27,0,0,0,0
23,0,4,16,0,0,2,1
1528,0,48,9,0,0,0,0
277,0,4,6,0,1,0,0
39,0,4,35,0,0,1,1
3603,0,72,14,0,0,1,1
75,0,4,7,0,0,1,0
2910,0,72,35,1,0,1,1
293,0,4,16,0,0,0,0
152,0,4,25,1,0,1,1
366,0,4,31,1,0,0,1
129,1,4,24,0,0,1,2
534,1,8,4,1,0,0,1
1278,1,24,9,0,0,1,1
680,1,8,15,0,1,2,2
405,0,8,10,0,0,0,0
232,0,4,19,1,0,1,1
2777,1,48,17,0,0,0,1
488,0,8,15,0,0,0,0
432,1,4,12,0,0,0,1
108,1,4,9,1,0,2,2
268,0,4,10,0,1,1,1
148,0,4,13,1,1,0,1
195,0,4,34,1,0,2,2
541,0,8,15,0,0,2,0
250,0,4,10,1,0,1,1
43,0,4,14,0,0,1,0
448,0,8,21,0,0,2,1
331,0,8,32,0,0,0,0
297,0,4,33,0,0,0,0
381,0,8,3,0,1,0,0
462,1,8,19,1,0,0,1
331,0,8,7,1,0,0,0
502,1,8,15,0,1,2,2
222,1,4,21,1,0,2,2
3121,1,48,23,0,0,1,2
1207,0,24,25,0,0,0,0
547,0,8,12,1,0,0,0
126,0,4,28,0,0,0,0
209,0,4,31,1,1,1,1
148,0,4,35,0,0,0,0
1691,0,48,25,0,0,0,0
481,0,8,43,1,0,1,0
1610,0,48,36,0,0,0,0
502,0,8,10,0,0,0,0
1783,0,48,35,0,1,1,1
436,1,8,42,1,0,0,1
365,1,4,43,1,0,1,2
1222,0,24,47,0,0,1,0
127,0,4,21,0,1,1,1
747,0,24,14,0,0,0,0
1749,0,48,21,0,0,0,0
1359,0,24,15,0,0,1,0
101,0,4,7,1,0,2,1
421,0,8,3,1,0,1,0
1276,1,24,23,0,0,1,1
308,0,8,19,1,0,0,0
239,0,4,32,0,1,0,1
373,0,8,23,0,0,0,0
284,1,4,22,1,0,0,2
623,0,8,24,0,0,2,1
301,0,4,11,0,0,0,0
2761,0,72,14,0,0,0,0
2728,0,72,22,1,0,0,1
89,0,4,21,0,0,1,1
73,0,4,12,0,1,0,0
285,0,4,29,0,0,2,1
1038,1,24,14,1,1,2,2
63,0,4,18,0,0,1,0
166,0,4,45,0,0,0,0
1153,1,24,2,0,0,0,1
461,0,8,15,0,0,0,0
101,1,4,27,0,0,0,1
1680,0,48,5,0,0,2,1
464,1,4,30,0,0,1,2
2954,1,48,19,0,0,0,1
502,0,8,9,0,1,0,0
408,0,8,34,0,0,0,0
350,1,4,35,1,0,2,2
2947,0,72,8,0,0,0,0
200,1,4,14,1,0,0,1
1113,1,24,13,0,1,0,1
72,1,4,4,0,0,1,1
1943,0,48,12,1,0,0,0
283,0,4,17,1,0,0,0
466,0,8,11,1,1,2,1
81,0,4,20,1,0,0,0
243,1,4,3,0,0,2,2
1309,0,48,8,0,1,0,0
1371,1,24,15,0,1,0,1
1589,0,48,32,0,0,0,0
153,0,4,36,0,0,0,0
297,0,4,16,0,0,0,0
231,0,4,37,0,0,2,1
3895,1,72,13,1,0,1,2
353,0,8,5,0,0,1,0
1750,0,48,16,1,0,1,0
430,1,4,22,1,0,0,2
192,0,4,29,1,0,1,1
1647,0,48,34,0,0,0,0
630,0,24,5,0,0,0,0
532,0,8,35,0,0,0,0
1214,0,24,14,0,0,1,0
220,0,4,29,0,0,2,1
146,1,4,14,0,0,0,1
214,0,4,30,1,0,1,1
199,1,4,26,0,0,0,1
331,1,4,16,0,0,1,1
3117,0,72,38,1,0,0,1
1033,0,24,4,0,0,0,0
491,0,8,14,1,1,1,0
3222,0,72,9,0,0,2,1
370,1,4,11,0,1,0,1
3419,0,72,14,0,0,1,1
310,0,8,29,0,0,2,1
570,0,24,31,0,0,1,0
1617,0,48,29,0,0,1,0
53,1,4,13,1,0,1,2
122,0,4,36,1,0,1,1
318,0,4,13,0,0,1,0
449,0,8,27,0,0,1,0
4233,1,72,7,1,0,1,2
198,1,4,10,0,0,1,1
541,0,8,20,1,0,0,0
1201,1,24,12,0,0,0,1
689,0,24,26,0,0,0,0
434,0,8,24,0,0,0,0
567,0,8,10,0,0,2,0
124,1,4,17,0,0,0,1
311,0,8,47,0,0,2,1
4072,0,72,26,0,0,0,1
192,0,4,16,0,0,0,0
2712,0,72,17,0,0,0,0
1218,0,24,29,1,1,0,1
285,0,4,4,1,0,1,1
226,0,4,26,1,0,1,1
181,1,4,5,0,1,2,2
1670,1,48,10,0,1,1,1
1327,0,24,13,0,0,2,1
2643,0,72,7,1,0,2,2
1846,0,48,22,0,0,0,0
1691,0,48,27,0,0,0,0
1123,0,24,10,0,0,2,1
206,0,4,42,0,0,0,0
191,0,4,11,1,0,0,0
466,1,8,18,0,0,1,1
538,0,8,18,0,0,2,0
435,0,8,8,0,0,2,0
350,0,8,21,1,0,0,0
637,0,24,14,0,0,0,0
369,0,8,15,0,1,0,0
567,0,8,23,0,0,0,0
318,0,4,10,0,0,0,0
302,0,8,12,1,0,0,0
1560,0,48,9,0,0,1,0
1143,0,24,19,1,0,1,0
728,0,24,24,0,0,2,1
1420,0,48,9,0,0,1,0
22,1,4,28,1,0,2,2
2776,0,48,16,0,0,1,1
248,0,4,15,0,0,0,0
1716,0,48,26,0,0,2,1
588,0,8,33,1,0,0,0
1443,0,48,19,0,0,1,0
472,0,8,11,0,0,2,0
212,0,4,4,1,0,0,0
247,1,4,26,0,0,1,2
151,0,4,16,0,0,1,0
126,0,4,17,0,0,0,0
1434,0,24,17,1,0,1,0
188,0,4,15,0,0,2,1
260,1,4,8,0,0,1,1
511,0,8,8,1,0,1,0
169,1,4,24,0,0,2,2
1264,0,48,4,0,0,1,0
1697,0,48,13,1,0,2,1
890,0,24,8,0,1,0,0
303,1,4,20,1,0,1,2
473,1,8,31,0,0,2,2
430,1,8,15,0,0,2,1
74,0,4,29,1,1,1,1
615,0,24,42,0,1,1,0
195,1,4,7,1,0,0,1
589,0,8,30,0,0,1,0
291,0,4,30,0,1,2,2
1874,0,48,10,0,1,0,0
278,1,4,7,1,0,0,1
42,0,4,10,0,0,0,0
716,1,8,46,0,0,0,1
228,0,4,16,0,0,0,0
1378,1,24,22,0,0,2,2
569,0,8,26,1,0,1,0
1027,0,24,17,0,0,2,1
304,1,4,11,1,0,0,1
1417,0,48,17,1,1,1,1
258,0,4,32,1,0,0,1
143,0,4,11,0,0,2,1
344,0,4,9,0,0,0,0
86,0,4,28,0,0,0,0
601,0,8,25,0,0,1,0
245,0,4,19,1,0,1,1
1286,0,48,18,0,0,0,0
73,0,4,12,1,0,0,0
1253,0,24,8,1,0,1,0
1713,0,48,4,0,0,2,1
546,1,8,14,0,0,0,0
376,0,8,8,0,0,1,0
421,0,8,40,0,0,1,0
443,0,8,6,0,0,0,0
1529,0,48,9,0,0,1,0
1319,0,48,17,0,1,1,0
418,0,8,12,1,0,0,0
92,0,4,23,0,0,0,0
77,0,4,48,1,0,1,1
56,0,4,9,0,0,0,0
3516,1,72,16,0,0,0,1
314,0,4,19,1,0,1,1
303,1,4,42,1,0,1,2
967,0,24,21,0,0,0,0
372,0,8,34,0,0,0,0
100,0,4,25,0,0,1,1
393,1,4,10,1,0,1,2
220,1,4,24,0,1,0,2
145,0,4,10,0,0,2,1
117,0,4,30,0,0,2,1
578,0,8,9,0,0,0,0
341,0,8,5,0,0,0,0
1023,0,24,36,1,1,2,2
362,0,8,32,0,0,0,0
1115,0,24,16,1,1,1,1
522,0,8,10,0,0,0,0
1207,1,24,29,0,1,1,2
471,0,8,24,0,0,2,1
337,0,4,30,0,0,2,1
235,0,4,8,0,0,0,0
98,1,4,26,0,0,0,1
620,0,8,14,1,0,0,0
364,0,8,27,0,0,0,0
133,1,4,28,1,0,0,2
1281,0,48,25,0,0,1,0
155,0,4,3,0,1,0,0
344,0,8,25,1,0,1,0
243,0,4,5,0,0,0,0
114,1,4,26,1,0,1,2
3923,0,72,16,0,0,0,0
285,0,4,11,0,1,2,1
730,0,24,31,0,0,2,1
466,0,8,25,1,0,1,0
446,0,8,23,0,0,1,0
327,1,4,13,0,0,0,1
202,0,4,15,0,1,0,0
217,0,4,7,1,0,2,1
406,0,8,10,0,0,2,0
97,1,4,5,0,0,0,1
341,0,8,17,0,0,0,0
316,0,4,28,0,0,0,0
249,0,4,39,0,0,1,1
52,0,4,24,1,1,1,1
636,0,8,39,0,0,2,1
377,0,8,36,1,1,1,1
1464,0,48,16,0,0,0,0
1902,0,48,7,1,0,2,1
2687,0,48,21,1,0,0,1
12,1,4,29,0,0,0,1
122,0,4,34,0,0,0,0
1469,1,24,34,0,0,1,1
1631,1,24,14,1,1,1,2
571,0,8,18,0,0,0,0
524,1,8,4,1,1,0,1
1172,0,24,5,1,0,1,0
4210,1,72,9,0,0,1,2
2605,0,72,6,0,1,0,1
124,1,4,14,1,0,0,1
1759,0,48,19,0,0,0,0
609,1,8,6,0,0,0,0
359,0,8,17,0,0,2,0
142,0,4,22,1,0,0,1
107,0,4,39,1,0,2,2
102,0,4,18,0,0,1,0
407,0,8,7,0,0,0,0
1528,1,24,26,0,0,0,1
1159,0,24,41,0,0,2,1
205,0,4,7,1,0,0,0
1110,0,24,24,1,0,0,0
76,1,4,10,0,0,1,1
38,0,4,17,0,0,0,0
117,0,4,28,1,0,0,1
255,0,4,12,0,0,0,0
102,1,4,5,0,0,2,2
298,0,8,35,0,0,1,0
180,0,4,23,0,0,1,1
547,0,8,33,0,0,1,0
213,0,4,8,0,0,0,0
151,0,4,23,0,0,0,0
1691,0,48,15,0,0,0,0
548,1,8,23,0,1,0,1
434,1,4,2,0,0,0,1
1425,0,24,7,0,1,0,0
192,1,4,14,0,0,1,1
199,1,4,20,0,0,2,2
83,0,4,32,0,1,0,1
3193,0,72,4,0,0,0,0
219,0,4,43,0,0,0,0
237,0,4,14,1,0,1,1
200,0,4,10,0,0,0,0
165,0,4,18,0,0,1,0
217,0,4,12,1,0,0,0
121,0,4,31,0,0,0,0
337,1,4,14,0,0,1,1
838,1,24,21,0,1,2,2
82,1,4,15,0,1,0,1
208,0,4,27,1,1,1,1
100,1,4,11,0,0,2,2
125,0,4,17,1,0,2,1
2900,1,48,33,0,0,2,2
705,1,8,18,0,1,0,1
260,1,4,12,0,0,0,1
250,0,4,13,0,0,0,0
2357,0,48,22,0,0,2,2
1739,0,48,31,1,0,0,0
29,0,4,13,0,1,2,1
394,0,8,15,0,0,0,0
412,1,4,38,0,0,2,2
140,1,4,15,1,0,2,2
1329,0,48,25,0,0,2,1
1435,0,48,27,0,0,0,0
645,1,8,19,0,0,1,1
3724,0,72,39,1,0,1,1
1297,0,48,34,0,0,0,0
1176,0,24,27,0,0,0,0
390,0,8,17,0,0,1,0
1195,0,24,41,0,0,0,0
647,0,8,10,0,0,1,0
95,0,4,24,1,1,2,2
99,0,4,16,0,0,2,1
501,1,8,21,0,0,0,1
406,0,8,18,0,0,1,0
130,0,4,45,0,0,1,1
92,0,4,21,1,0,1,1
344,0,8,7,0,0,1,0
1315,1,24,10,0,0,2,2
133,0,4,6,0,0,1,0
3313,0,72,19,1,0,0,1
207,1,4,24,0,1,0,2
228,0,4,5,1,0,2,1
225,0,4,10,1,0,2,1
1015,1,24,21,1,0,1,2
131,1,4,24,1,0,0,2
308,1,4,12,0,0,2,2
1297,0,48,30,0,0,2,1
1654,0,48,33,1,0,0,0
291,1,4,27,0,1,1,2
2570,1,48,21,0,0,0,2
335,1,4,47,0,0,2,2
1693,0,48,27,0,0,1,0
635,0,24,11,0,0,0,0
443,0,8,23,1,0,0,0
110,0,4,39,1,0,0,1
1255,1,24,15,0,0,2,2
3614,0,72,24,0,1,0,1
97,1,4,15,1,0,0,1
153,1,4,8,1,0,0,1
260,1,4,11,0,0,1,1
113,1,4,19,0,0,0,1
2713,0,72,16,1,0,1,1
131,1,4,9,0,0,2,2
850,1,24,11,0,0,0,1
313,0,4,15,1,0,0,0
657,0,24,36,0,0,2,1
305,0,4,10,0,0,0,0
99,0,4,17,0,0,0,0
1019,0,24,43,0,0,1,0
635,0,8,21,0,0,0,0
986,0,24,18,0,0,0,0
453,0,8,11,0,0,0,0
501,0,8,15,0,0,0,0
257,1,4,28,0,0,1,2
389,0,8,43,0,0,2,1
487,0,8,22,0,0,0,0
372,0,8,9,0,0,0,0
3883,0,72,6,0,0,2,1
305,1,4,18,0,1,0,1
197,1,4,14,0,0,1,1
185,0,4,35,0,1,2,2
232,0,4,26,0,0,0,0
212,0,4,7,1,0,1,1
362,1,4,32,1,1,0,2
385,0,8,13,1,0,0,0
32,0,4,17,1,0,1,1
1206,0,24,23,0,0,1,0
351,0,8,10,0,0,1,0
202,0,4,36,0,0,1,1
136,0,4,7,0,0,1,0
1104,0,24,27,1,1,0,1
83,0,4,15,1,0,0,0
419,0,8,15,0,0,0,0
149,1,4,2,0,0,0,1
201,0,4,7,0,1,0,0
458,0,8,42,0,0,2,1
1359,0,24,29,0,0,2,1
1225,1,24,3,1,0,0,1
3031,1,48,29,1,0,0,2
166,0,4,10,0,0,1,0
1237,0,48,11,0,1,0,0
3870,0,72,8,1,0,0,1
277,0,4,40,0,0,1,1
110,0,4,4,0,0,0,0
58,0,4,17,0,0,0,0
1166,1,24,23,1,0,2,2
608,0,8,10,0,0,0,0
1256,0,24,5,0,0,2,1
90,1,4,32,0,1,1,2
364,1,4,24,1,0,0,2
1796,0,48,28,0,0,0,0
153,0,4,6,1,1,0,1
649,0,24,21,0,1,1,0
37,0,4,5,0,0,1,0
1304,0,48,4,1,0,1,0
43,0,4,12,0,1,0,0
1123,1,24,8,0,0,1,1
235,0,4,4,1,1,1,1
190,1,4,10,0,0,0,1
1244,0,48,21,0,0,2,1
357,0,8,26,0,0,2,1
1288,0,24,37,0,0,0,0
344,1,4,18,0,1,1,2
163,0,4,35,1,0,1,1
286,1,4,32,0,0,2,2
230,0,4,29,0,0,1,1
583,1,8,19,1,0,1,1
203,0,4,39,0,0,1,1
317,0,8,10,0,0,1,0
229,0,4,20,0,0,0,0
128,0,4,13,1,0,0,0
3961,0,72,29,1,0,0,1
445,0,8,19,0,0,0,0
244,0,4,32,0,0,1,1
1232,0,48,16,0,0,2,1
2778,0,72,8,0,0,0,0
178,0,4,14,1,0,2,1
396,0,8,20,0,0,1,0
457,0,8,17,0,1,0,0
507,1,8,3,0,0,0,0
2784,0,72,6,0,0,2,1
228,0,4,19,1,0,1,1
327,0,4,13,1,0,1,1
447,0,8,14,1,0,1,0
129,0,4,15,0,1,0,0
135,0,4,10,0,1,0,0
384,1,4,16,0,0,0,1
264,0,4,13,1,0,1,1
2535,0,48,33,0,0,0,1
1059,0,24,36,0,0,2,1
210,0,4,18,0,0,0,0
329,1,4,7,0,0,1,1
1253,1,24,9,0,0,0,1
1753,1,48,13,1,0,0,1
259,1,4,23,0,0,0,1
1237,1,24,25,0,0,0,1
262,0,4,27,1,0,0,1
498,1,8,13,0,1,0,1
91,0,4,35,1,1,2,2
327,0,4,17,0,0,0,0
906,1,24,9,0,0,0,1
443,1,8,16,0,0,0,0
1157,1,24,15,0,0,0,1
527,0,8,9,0,0,0,0
3196,0,72,18,1,0,0,1
1321,0,24,26,0,0,0,0
557,0,8,15,1,0,2,1
1141,0,24,15,1,0,1,0
186,1,4,7,0,0,0,1
3885,0,72,10,1,1,0,1
478,1,8,20,0,0,1,1
1385,1,24,30,1,0,0,1
103,0,4,16,0,0,1,0
543,0,8,32,0,0,2,1
621,1,8,8,0,0,0,0
385,0,8,31,0,0,1,0
2781,1,48,23,0,0,1,2
252,1,4,7,0,0,0,1
169,1,4,13,0,0,0,1
256,1,4,13,0,0,0,1
170,0,4,19,0,1,0,0
2339,1,48,28,0,0,0,2
80,1,4,40,0,0,1,2
3330,0,72,19,1,1,1,1
2177,1,48,14,0,0,2,2
93,0,4,40,0,1,2,2
300,0,4,30,0,0,0,0
254,1,4,12,1,0,0,1
138,0,4,14,0,0,0,0
112,0,4,25,0,0,2,1
259,1,4,6,1,0,0,1
171,0,4,21,0,1,1,1
1624,0,48,16,1,1,1,1
3310,0,72,16,0,0,2,1
318,0,4,9,0,1,2,1
1128,0,24,16,0,0,0,0
145,0,4,22,1,0,0,1
190,1,4,23,0,0,0,1
129,1,4,19,1,0,0,1
123,0,4,33,0,1,1,1
59,0,4,18,0,1,2,1
93,0,4,29,0,0,0,0
237,0,4,15,1,0,1,1
318,0,8,14,0,0,2,0
232,0,4,8,0,0,0,0
973,0,24,25,0,0,0,0
170,0,4,14,1,1,2,2
1639,1,48,28,0,0,0,1
374,0,8,24,1,0,1,0
105,0,4,32,1,0,2,2
1212,0,24,12,1,0,2,1
265,0,4,19,0,0,1,0
418,0,8,6,0,0,2,0
261,0,4,10,1,1,2,2
456,1,8,29,1,0,0,1
1040,1,24,21,0,0,0,1
62,0,4,30,0,0,1,1
1176,0,24,21,0,0,1,0
662,1,8,6,1,0,2,2
336,0,8,6,1,1,0,0
488,0,8,20,0,1,0,0
350,0,8,11,0,0,0,0
116,0,4,8,0,0,0,0
228,0,4,12,0,0,1,0
3676,1,48,24,0,0,0,2
19,0,4,37,1,0,0,1
554,1,8,28,1,0,0,1
176,0,4,7,0,0,2,1
698,1,8,30,0,0,0,1
257,1,4,14,0,1,0,1
66,1,4,9,0,1,0,1
474,0,8,39,0,0,1,0
1766,0,48,40,0,0,0,0
685,0,8,34,1,0,0,0
62,0,4,31,0,0,0,0
264,0,4,9,1,0,1,1
333,0,8,10,0,0,0,0
178,0,4,23,1,0,0,1
257,0,4,7,1,0,2,1
319,0,4,11,1,0,1,1
70,0,4,15,1,1,1,1
368,0,8,40,0,0,0,0
20,1,4,15,0,0,1,1
556,1,8,6,0,0,0,0
1272,0,48,13,0,0,1,0
232,0,4,16,0,1,0,0
157,1,4,37,1,0,1,2
1384,1,24,5,1,0,1,1
278,0,4,22,0,1,1,1
279,0,4,3,0,0,0,0
496,0,8,16,1,0,2,1
1895,0,48,15,0,0,0,0
647,1,8,16,1,0,0,1
295,0,4,8,0,1,1,1
2881,0,72,13,1,0,0,1
2986,1,48,35,0,0,1,2
40,1,4,13,0,1,2,2
1138,1,24,13,1,1,0,1
664,0,24,15,0,0,0,0
3676,0,72,35,0,0,1,1
1073,0,24,13,1,0,0,0
984,0,24,6,0,0,0,0
1263,0,24,27,1,0,0,0
101,0,4,17,0,0,0,0
568,0,8,26,0,0,0,0
2332,0,48,25,1,1,1,2
363,1,4,10,1,1,0,2
2867,1,48,28,1,0,0,2
22,1,4,29,1,0,0,2
491,0,8,41,0,0,0,0
1215,0,24,9,0,0,1,0
1040,1,24,32,1,0,2,2
251,0,4,9,0,0,1,0
583,0,24,39,0,0,0,0
186,0,4,46,1,0,0,1
1787,1,24,2,0,0,0,1
2910,1,48,4,0,1,1,2
563,0,8,20,0,1,0,0
1725,0,48,6,0,0,1,0
1443,0,24,27,0,0,1,0
213,0,4,18,1,0,2,1
454,0,8,21,1,0,2,1
277,0,4,33,0,0,1,1
1282,0,48,24,1,0,1,1
310,0,4,28,1,0,0,1
46,0,4,16,1,0,1,1
459,0,8,5,0,0,0,0
226,0,4,13,1,0,0,0
490,0,8,22,0,0,2,1
1120,1,24,40,0,0,1,1
698,1,8,38,0,0,0,1
179,1,4,27,0,0,0,1
257,0,4,40,0,0,0,0
326,0,8,27,0,0,0,0
1736,0,48,13,1,0,1,0
123,0,4,15,0,0,2,1
1066,0,24,21,1,1,2,2
220,1,4,8,0,0,0,1
713,0,8,20,0,1,1,0
95,1,4,4,0,1,0,1
1112,0,24,30,0,0,0,0
80,1,4,5,1,0,0,1
1855,0,48,10,0,0,0,0
259,0,4,11,0,0,0,0
68,0,4,24,1,0,2,2
3573,0,72,21,0,0,0,1
342,1,4,11,0,0,0,1
100,0,4,23,0,0,0,0
431,0,8,32,0,0,0,0
613,0,24,11,0,1,0,0
142,0,4,19,0,1,1,1
509,0,8,13,0,0,0,0
1325,1,24,18,0,0,0,1
1220,0,24,10,1,0,0,0
2975,0,72,9,1,0,2,2
64,0,4,34,0,0,2,1
1346,0,24,23,0,0,0,0
230,0,4,19,0,0,1,0
398,0,8,26,0,0,1,0
511,0,8,17,0,0,1,0
172,1,4,6,0,0,1,1
138,0,4,25,1,0,1,1
33,0,4,10,1,0,2,1
135,0,4,23,0,0,0,0
3334,0,72,24,0,0,0,1
385,0,8,21,0,0,2,1
3155,0,72,8,0,0,1,1
432,0,8,23,1,0,2,1
1351,0,48,8,0,0,0,0
1559,1,24,20,0,0,0,1
239,1,4,22,0,0,1,2
93,1,4,7,0,0,0,1
938,0,24,11,0,1,1,0
2845,0,72,21,1,0,2,2
34,1,4,2,0,0,2,2
1152,1,24,31,1,1,2,2
2816,0,48,18,0,0,0,0
419,1,8,18,0,0,1,1
506,1,8,34,0,0,0,1
211,0,4,6,0,0,1,0
202,0,4,31,1,0,0,1
540,1,8,12,0,1,0,1
176,0,4,32,0,0,1,1
260,1,4,16,1,0,1,2
383,0,8,28,1,1,0,0
266,0,4,10,0,0,0,0
1891,0,48,37,0,0,2,1
132,0,4,23,0,0,1,1
272,0,4,23,1,0,0,1
256,1,4,16,0,0,0,1
617,0,8,17,0,0,2,0
467,1,4,21,0,0,2,2
393,0,8,26,0,1,2,1
198,0,4,22,0,0,0,0
209,0,4,42,0,1,0,1
273,0,4,15,0,0,1,0
372,0,8,34,1,0,0,0
292,1,4,7,1,0,1,2
1137,0,24,41,0,0,1,0
1483,0,48,28,0,0,0,0
1880,0,48,15,0,0,1,0
255,0,4,21,1,0,0,1
20,1,4,8,1,0,2,2
1473,0,48,40,0,0,2,1
403,0,8,41,0,0,2,1
2470,0,48,24,0,0,0,1
77,1,4,10,0,0,0,1
468,0,8,22,0,0,0,0
482,0,8,45,1,0,1,0
1399,1,24,22,0,0,1,1
91,0,4,23,0,0,0,0
1483,1,24,6,0,0,0,1
169,1,4,31,0,0,0,1
227,1,4,5,0,0,0,1
1378,0,48,9,0,0,0,0
2520,0,48,17,1,0,0,1
57,0,4,24,1,1,2,2
226,1,4,24,0,0,0,1
294,0,4,42,1,1,0,1
1148,1,24,9,0,0,2,2
313,1,4,22,0,1,0,2
38,0,4,19,0,1,0,0
3058,1,48,20,0,0,0,1
933,0,24,22,0,0,1,0
150,0,4,16,0,0,1,0
140,0,4,14,0,0,2,1
555,0,8,20,0,0,2,0
2648,0,48,45,1,0,2,2
319,0,4,34,1,0,1,1
349,1,4,36,0,0,0,1
668,0,24,32,0,0,0,0
1528,1,24,37,0,0,1,1
562,0,8,18,1,1,1,0
399,0,8,20,0,0,0,0
1427,0,48,41,0,0,2,1
90,0,4,16,0,0,2,1
373,0,8,19,1,0,2,1
79,1,4,9,1,0,2,2
305,0,4,5,0,0,1,0
1059,0,24,41,0,0,0,0
502,1,8,10,0,0,0,0
105,1,4,8,1,0,1,2
186,1,4,31,1,1,2,2
967,0,24,3,1,0,0,0
285,0,4,27,0,0,1,1
4100,0,72,16,0,0,0,0
405,1,4,19,0,0,0,1
598,1,8,41,0,0,0,1
334,0,8,21,0,0,1,0
642,1,8,9,1,0,0,1
2127,1,48,10,1,0,1,2
186,0,4,7,0,0,0,0
270,0,4,34,0,1,2,2
111,0,4,18,0,0,0,0
462,1,8,20,0,0,0,0
2868,1,48,11,0,0,2,2
384,0,8,36,0,0,1,0
100,0,4,31,0,1,0,1
291,0,4,10,1,0,2,1
1489,0,48,19,1,0,0,0
77,1,4,25,1,0,0,2
101,0,4,8,0,1,1,1
189,0,4,11,1,0,2,1
143,0,4,11,1,0,0,0
107,0,4,5,0,0,2,1
270,0,4,21,1,0,0,1
417,0,8,27,1,0,2,1
115,0,4,13,1,0,0,0
1693,0,48,7,0,0,0,0
107,1,4,13,1,0,2,2
832,1,24,15,0,1,2,2
65,0,4,29,0,1,1,1
449,0,8,40,0,0,0,0
294,0,4,11,0,0,0,0
1249,0,48,8,0,0,0,0
1592,1,24,33,1,1,1,2
3370,1,48,2,0,0,1,2
145,0,4,8,0,0,1,0
1174,1,24,19,0,0,0,1
384,0,8,39,0,0,0,0
2843,1,48,14,0,0,0,1
80,0,4,9,0,0,1,0
752,0,24,14,0,1,2,1
67,1,4,15,1,0,2,2
272,0,4,32,0,0,1,1
54,0,4,23,0,0,1,1
168,0,4,6,1,0,1,1
40,0,4,21,1,0,1,1
210,1,4,11,1,0,2,2
453,1,8,22,0,0,0,1
559,0,8,41,1,0,0,0
453,1,8,13,0,0,2,1
124,0,4,9,1,0,0,0
1364,0,48,8,1,0,1,0
376,0,8,36,0,0,0,0
1774,1,48,45,1,0,1,2
1814,0,48,25,0,0,2,1
1311,1,24,23,1,0,0,1
106,0,4,11,0,0,1,0
20,0,4,7,1,0,1,1
493,1,8,18,0,0,1,1
375,0,4,35,1,0,1,1
740,1,8,3,0,0,2,1
112,1,4,15,0,0,0,1
170,0,4,13,1,0,0,0
1324,0,48,32,1,0,1,1
293,1,4,23,1,0,0,2
199,0,4,16,0,0,0,0
1306,0,48,9,1,0,1,0
108,0,4,33,0,0,0,0
3003,0,72,35,1,0,2,2
2215,0,48,11,0,0,1,1
452,1,4,39,0,0,0,1
1605,1,24,8,0,0,0,1
319,0,8,38,0,0,0,0
233,1,4,31,1,0,1,2
993,0,24,13,0,0,1,0
1549,0,48,12,0,1,1,0
753,1,8,13,1,0,1,1
29,0,4,27,1,0,0,1
63,0,4,10,0,1,1,1
735,0,24,25,1,0,1,0
502,1,8,23,0,0,0,1
224,0,4,14,0,0,0,0
292,0,4,32,0,0,1,1
474,0,8,35,0,0,0,0
335,0,8,48,0,0,1,0
264,0,4,4,0,0,1,0
1378,1,24,44,0,0,0,1
227,0,4,9,0,0,0,0
102,0,4,23,0,0,2,1
500,1,4,28,0,0,0,1
283,0,4,18,0,1,2,1
196,1,4,2,0,0,1,1
383,0,8,9,1,1,1,0
339,1,4,15,0,0,0,1
